1,花之王美妆,http://mall.jd.com/index-52373.html
7,台州罗艾贸易有限公司,http://xaix.tmall.com/index.htm?spm=a1z10.5-b.w5002-3654538693.2.D7pHbB
8,台州市佳宝化妆品有限公司,http://xiangyibencaojb.tmall.com/
9,台州市佳宝化妆品有限公司,http://pechoinjb.tmall.com
10,台州市西曼商贸有限公司,http://savolxm.tmall.com
11,kasi旗舰店,http://kasi.tmall.com
12,卓妍旗舰店,http://zhuoyanjiaju.tmall.com
13,gulim古丽姆旗舰店,http://gulimu.tmall.com
14,博鲨化妆品专营店,http://bshzp.tmall.com
15,膜膜皇后化妆品旗舰店,http://momohuanghou.tmall.com
16,欧野化妆品专营店,http://oyhzp.tmall.com
17,老一苏旗舰店,http://laoyisu.tmall.com
31,savol章华玺润专卖店,https://savolxirun.tmall.com
32,观颜化妆品旗舰店,https://guanyanhzp.tmall.com/
39,花陌化妆品,http://shop127724932.taobao.com
40,乐熙美妆,http://shop149773818.taobao.com
43,萌萌猪美妆,http://shop144446439.taobao.com
46,妃妃靓妆,http://shop33661875.taobao.com
55,康复器材总汇2013,http://shop101801147.taobao.com
64,Gill美妆小铺,http://shop101273176.taobao.com
65,肤蝉进口美妆,http://shop114100614.taobao.com
66,LILI 韩妆小铺,http://shop59124882.taobao.com
67,梦轩美肤小铺,http://shop135370635.taobao.com
69,三把斯酱,http://shop118164188.taobao.com
71,欧美风范正品美妆全球购,http://shop62822186.taobao.com
73,an安琪儿小铺,http://shop120581917.taobao.com
74,菲菲美妆护肤小铺,http://shop62758290.taobao.com
75,韩国站Girl小铺,http://shop121117196.taobao.com
82,壹家购物,http://shop36047669.taobao.com
83,KIKOKO美妆实验室,http://shop64820692.taobao.com
86,TST庭秘密小雪店,http://shop71898067.taobao.com
94,Sunny膜法美妆铺,http://shop67708220.taobao.com
96,飘洋过海日韩代购,http://shop149183051.taobao.com
104,易易子韩国人肉代购,http://shop70489633.taobao.com
105,淇妈妈的小店,http://shop60760507.taobao.com
107,卡蜜铺韩国代购,http://shop35287878.taobao.com
108,俊俊海外生活馆,http://shop72063669.taobao.com
109,乐小葡,http://shop63739887.taobao.com
110,Dreamer korea,http://shop111781698.taobao.com
112,飞飞小杂铺,http://shop57696003.taobao.com
114,喵小姐的韩品屋,http://shop36827555.taobao.com
117,完美无瑕化妆品(实体店连锁店),http://shop58141339.taobao.com
118,辣妈正品商城,http://shop60245443.taobao.com
119,饭饭的宝妹商城,http://shop35209353.taobao.com
120,真珠美学SE,http://shop36378851.taobao.com
124,兔八哥的日代小铺,http://shop35075581.taobao.com
125,嫩嫩美妆,http://shop37030148.taobao.com
127,总睫,http://shop58375785.taobao.com
128,有家跑腿小店,http://shop70043968.taobao.com
129,小林日本人肉代购,http://shop61725020.taobao.com
130,嗨桃GOGOGO,http://shop65823035.taobao.com
131,小小的梦 Dream,http://shop105989178.taobao.com
133,鱼宝宝的海洋之旅,http://shop66469557.taobao.com
134,嘟嘟化妆品代购小铺,http://shop34835467.taobao.com
135,艾尚全球代购,http://shop115183720.taobao.com
136,小狐仙美铺 赶霸花式电吹风 吹风机,http://shop33780456.taobao.com
137,biubiu购杂货小铺2号店,http://shop102667604.taobao.com
141,雯子的化妆间,http://shop71557551.taobao.com
142,Super ZHEN,http://shop72352510.taobao.com
144,韩妆思密达 正品代购店,http://shop66197950.taobao.com
148,Hola Life,http://shop72956821.taobao.com
150,百龄外贸小铺,http://shop61119616.taobao.com
152,羽色名品店,http://shop149821128.taobao.com
153,魅力古月坊,http://shop126384269.taobao.com
154,longli美妆,http://shop61828264.taobao.com
161,美魅天然护肤店,http://shop36506106.taobao.com
162,Water Melon小瓜家,http://shop129176820.taobao.com
164,CICI直邮店,http://shop35409023.taobao.com
165,旺仔妈妈澳洲代购,http://shop57039525.taobao.com
167,柠檬趣实体店日代小铺,http://shop65187865.taobao.com
170,Loocka,http://shop65030650.taobao.com
172,香港LP光速美妆,http://shop104621509.taobao.com
174,L R I N A   伊 琳,http://shop144369985.taobao.com
175,小时代尚品,http://shop103839686.taobao.com
180,心碎满一地,http://shop36777236.taobao.com
181,PINK 酱,http://shop116529712.taobao.com
183,misszhang生活工作室,http://shop58946366.taobao.com
185,misszhang招老板,http://shop67765191.taobao.com
186,甜甜日本人肉代购,http://shop58915018.taobao.com
187,Miss陳海外代购小铺,http://shop69174597.taobao.com
189,随梦女孩7,http://shop136331484.taobao.com
191,靓奴儿时尚小铺,http://shop61535835.taobao.com
193,美丽人生mld,http://shop149151262.taobao.com
198,魅影MM美肤用品,http://shop73400520.taobao.com
199,佰草馨手工皂坊,http://shop110619868.taobao.com
200,Momo日韩购,http://shop108226774.taobao.com
203,琦草集专业护肤中心,http://shop115789059.taobao.com
205,格子妆,http://shop114800064.taobao.com
207,静小丫代购,http://shop58143899.taobao.com
208,慢悠悠韩国化妆品店,http://shop36481713.taobao.com
211,灵子日化,http://shop107282327.taobao.com
212,云裳七彩化妆品,http://shop115467254.taobao.com
213,色彩坊彩妆,http://shop135519540.taobao.com
217,美丽心情胭脂坊,http://shop61776830.taobao.com
220,小琴韩国代购,http://shop115353409.taobao.com
224,美丽贩卖,http://shop58082200.taobao.com
225,UD境外代购,http://shop151964677.taobao.com
229,健康时尚优质生活,http://shop71322298.taobao.com
231,义帆风顺,http://shop102753421.taobao.com
235,呆呆的法国代购,http://shop127848030.taobao.com
236,抹茶拿铁的孩童衣铺,http://shop36165806.taobao.com
238,柳子香港代购,http://shop61977574.taobao.com
242,微笑依人装,http://shop63788791.taobao.com
244,悠莉的衣橱 海外代购,http://shop60933601.taobao.com
246,球妈代购,http://shop69375455.taobao.com
247,洛惜家,http://shop33250987.taobao.com
248,一指芳华美甲店一店,http://shop34036490.taobao.com
250,Tansy正品韩妆,http://shop34978620.taobao.com
252,[美丽天使生活馆],http://shop113356585.taobao.com
256,漫游在首尔,http://shop61856949.taobao.com
257,首尔天晴朗,http://shop60991670.taobao.com
258,萌萌美甲批发店,http://shop128455203.taobao.com
261,吴小妞德美代购,http://shop64883434.taobao.com
262,猪猪的美妆铺子,http://shop69745816.taobao.com
264,薇尔敦品牌护肤品,http://shop104010089.taobao.com
265,澳斯特澳洲生活馆,http://shop116365495.taobao.com
267,瑰宝美妆店,http://shop58911316.taobao.com
270,微笑叶子,http://shop104684435.taobao.com
271,琪琪的美丽国度,http://shop101178824.taobao.com
272,Oriental Yun,http://shop118485735.taobao.com
273,小小妖的美妆日记,http://shop70734220.taobao.com
274,香香靓妆店,http://shop100306734.taobao.com
276,大雄与茉一家de店,http://shop117427990.taobao.com
277,应大小姐的  一   华佗世家,http://shop118453099.taobao.com
278,一只小岛海外代购,http://shop73234110.taobao.com
279,芭妮兰 banila co 韩妆铺,http://shop34660312.taobao.com
281,薇薇朵正品店,http://shop34698115.taobao.com
282,杨扬美颜,http://shop34849352.taobao.com
287,瑞倪维儿江浙实体店,http://shop62622244.taobao.com
293,富士山日本专柜代购,http://shop110033547.taobao.com
296,茱莉淘小铺,http://shop65078855.taobao.com
301,全心魅力,http://shop141657917.taobao.com
302,Eve 美妆店,http://shop155330335.taobao.com
306,大膜王之家,http://shop59403331.taobao.com
314,我就是诺涵,http://shop108509372.taobao.com
317,婷婷膜法妞蜗蜗专业洗护,http://shop130612369.taobao.com
319,滑肤,http://shop117571118.taobao.com
321,诚信电器批发行,http://shop120683877.taobao.com
323,晓玲美妆店,http://shop128169390.taobao.com
329,名妆化妆品,http://shop72838912.taobao.com
330,玖玖诚品美妆,http://shop130671333.taobao.com
333,小雨家靓衣服装店,http://shop36627693.taobao.com
335,佳佳代购杂铺店,http://shop35455589.taobao.com
339,宝地彩妆分店,http://shop148217065.taobao.com
344,猫猫的保健人生,http://shop34597173.taobao.com
348,灵感美妆,http://shop115355625.taobao.com
350,一米阳光护肤小铺,http://shop35619221.taobao.com
351,烨翔小铺,http://shop143957842.taobao.com
355,汎歌现货 假一赔十,http://shop34915900.taobao.com
356,你好肌肤手工皂坊,http://shop61355033.taobao.com
358,美颜花容,http://shop100763029.taobao.com
359,丹丹SKV美肤馆,http://shop60597445.taobao.com
361,美丽肌肤百分百,http://shop70532402.taobao.com
367,刘奶奶 杂货铺子,http://shop118876939.taobao.com
368,青春保养专家 万色水母,http://shop69546803.taobao.com
371,d[s67862493],http://shop67862493.taobao.com
373,二丫头正品韩妆代购,http://shop35495801.taobao.com
378,苏家爱华涌泉分店10月蜜桔代销,http://shop117091624.taobao.com
381,下一站首尔 正品韩妆,http://shop114106511.taobao.com
382,瑶啊瑶小小小铺,http://shop67962824.taobao.com
384,魅力女神 护肤美妆坊,http://shop65754981.taobao.com
386,蜜桃小希,http://shop69153181.taobao.com
387,娜娜俏佳人,http://shop61177766.taobao.com
391,思琦时尚小屋,http://shop59933905.taobao.com
392,锁锁爱,http://shop36007367.taobao.com
394,韩韩屋潮流店,http://shop102934422.taobao.com
395,偏爱绯囍,http://shop159758858.taobao.com
398,公主 之厨,http://shop61850541.taobao.com
399,朴美渊韩国正品代购,http://shop72142341.taobao.com
401,美神秘密轻断食,http://shop71283164.taobao.com
402,玲珑美妆店,http://shop70973087.taobao.com
405,专业线护肤精品旺铺,http://shop57707809.taobao.com
406,爆款哥,http://shop58059048.taobao.com
409,小蜜蜂日本代购直邮店,http://shop70913700.taobao.com
410,爆款批发集中地,http://shop105661987.taobao.com
413,正品褚铁匠（SMITH CHU）美发剪刀 美发平剪 打薄剪 店,http://shop67434570.taobao.com
416,泊泉雅专柜折扣店,http://shop127003888.taobao.com
420,小泪家二号店,http://shop61189455.taobao.com
421,朵儿身体护理小店,http://shop35628183.taobao.com
423,朵妍唯美妆品店,http://shop65315056.taobao.com
424,杨道长日化,http://shop116504956.taobao.com
425,梧桐雨美肤苑,http://shop62344516.taobao.com
428,美丽传说韩妆正品小铺,http://shop37023801.taobao.com
429,LX私人小铺,http://shop36929033.taobao.com
431,浙江区代娟娟,http://shop102624426.taobao.com
434,花臂男女,http://shop72698494.taobao.com
435,丫丫美妆shop,http://shop64090956.taobao.com
437,如福堂,http://shop63220627.taobao.com
438,喵喵美容商品,http://shop109735160.taobao.com
440,付爱宝金欧莱正品美肤馆,http://shop109069894.taobao.com
441,屁桃君日本直邮代购,http://shop104504528.taobao.com
442,猪贝儿代购,http://shop109936331.taobao.com
447,Mandy store丶,http://shop136465634.taobao.com
448,丸子家自然堂品牌店,http://shop70243848.taobao.com
453,指尖上の狐狸精,http://shop64872765.taobao.com
455,参茸片 新双宝 指定店,http://shop110553094.taobao.com
456,皇家美妆屋,http://shop101135553.taobao.com
459,魅引飘香,http://shop105546537.taobao.com
460,自然堂花园6号王,http://shop111171044.taobao.com
461,自然堂花园6,http://shop69189292.taobao.com
462,牛奶蛋白,http://shop58747470.taobao.com
465,SS闪瘦强效减肥店,http://shop104838530.taobao.com
466,丽人购物88,http://shop118923194.taobao.com
467,贝塔麻麻の小店,http://shop73015815.taobao.com
471,MISSHU韩舍,http://shop115003996.taobao.com
472,阿饭的代购店,http://shop145728500.taobao.com
476,玫梦木子铺,http://shop100409955.taobao.com
477,伊爱美妆,http://shop112461184.taobao.com
478,碧水佳 人,http://shop64986544.taobao.com
479,如意康家用医疗保健,http://shop60631998.taobao.com
480,妳真漂亮美妆护肤,http://shop128584925.taobao.com
481,Si家韩妆专柜代购,http://shop140759088.taobao.com
483,施诺美发用品店,http://shop114696513.taobao.com
484,百妆汇美妆连锁,http://shop117181716.taobao.com
485,伊人妆颜吧,http://shop60698891.taobao.com
488,艾美世家 遇见最美的你 郑明明 卡丽莎 水密码,http://shop112002799.taobao.com
489,舒蕊美妆屋,http://shop60639878.taobao.com
490,芬丝尼护肤①号站,http://shop101935797.taobao.com
491,cbb微儿,http://shop105077825.taobao.com
492,陈氏卖店,http://shop119860878.taobao.com
494,美亲小院,http://shop70380798.taobao.com
495,亲亲的雅芳小店,http://shop34195864.taobao.com
496,金欧莱美妆,http://shop100657121.taobao.com
500,时尚美人99,http://shop129493934.taobao.com
503,玫丽人生彩妆,http://shop36368672.taobao.com
504,你的美丽工坊,http://shop59916513.taobao.com
506,美丽1加1小铺,http://shop68674021.taobao.com
507,Hi 淘侬,http://shop104959869.taobao.com
513,购物会所8,http://shop137846793.taobao.com
515,伊资坊名妆,http://shop108367156.taobao.com
516,发新专业美发用品,http://shop103754061.taobao.com
517,伊你而来美妆店,http://shop126294196.taobao.com
520,小贝优源洗护店,http://shop112526996.taobao.com
521,金家古皂小铺,http://shop162673899.taobao.com
522,优源洗护商行,http://shop34206862.taobao.com
523,[丹丹]小铺,http://shop70386033.taobao.com
527,木易young 手作坊,http://shop66001905.taobao.com
529,爱尚美丽方方,http://shop63903837.taobao.com
533,翌康生活,http://shop110836648.taobao.com
534,阳阳2013时尚店,http://shop62535168.taobao.com
535,滕大大的店,http://shop65243986.taobao.com
537,d[s58000124],http://shop58000124.taobao.com
538,康瑞美容护理商行,http://shop152645278.taobao.com
542,家庭医生保健馆,http://shop67627628.taobao.com
543,营养保健品店,http://shop59937805.taobao.com
545,厘利美妆,http://shop106166336.taobao.com
546,台州金盛百货商行,http://shop61086018.taobao.com
549,眉飞色舞彩妆,http://shop126956545.taobao.com
550,健康的营养品2011,http://shop66812654.taobao.com
552,小小款的养生吧,http://shop127091230.taobao.com
553,长风电器商城,http://shop58867425.taobao.com
556,菜冻青,http://shop58136932.taobao.com
557,赵小姐的童装小店铺,http://shop107329992.taobao.com
558,橄榄枝 全场批发价,http://shop59828160.taobao.com
559,姐姐弟弟童鞋馆,http://shop58302706.taobao.com
562,金皇冠星之辰,http://shop58851478.taobao.com
563,魅力女人坊AOR,http://shop119431316.taobao.com
568,哲峰养蜂合作社永恒蜂产品店,http://shop60727944.taobao.com
569,薇薇美容美发美妆之家,http://shop106319842.taobao.com
570,1号站母婴店,http://shop34429303.taobao.com
573,TST庭秘密全国总代1,http://shop149403999.taobao.com
575,小缇面膜铺,http://shop61704722.taobao.com
576,荣威按摩器品牌店,http://shop106814339.taobao.com
577,花开蝶姿来,http://shop61365478.taobao.com
581,Hong美妆小铺,http://shop148001375.taobao.com
582,小琴护肤馆,http://shop114412468.taobao.com
583,俏俏护肤,http://shop62839891.taobao.com
584,与进电器,http://shop61659294.taobao.com
585,MG名妆,http://shop110456540.taobao.com
586,初尘美妆护肤店,http://shop107995130.taobao.com
588,宇航皮具专注于精品女包,http://shop140812779.taobao.com
589,韩国专柜代购化妆品店,http://shop34025372.taobao.com
594,小瑛护肤馆,http://shop64176555.taobao.com
595,千蕊人生清货店,http://shop102932953.taobao.com
596,碧诗澜黛化妆品,http://shop34904410.taobao.com
597,圣依的小铺,http://shop105546408.taobao.com
601,发康直销店,http://shop60008775.taobao.com
603,瑛子原单小铺,http://shop62250858.taobao.com
604,幽若心兰の天然护肤,http://shop66156742.taobao.com
607,懒女人美颜馆,http://shop69033209.taobao.com
608,晶晶兔华佗世家直销店,http://shop35588539.taobao.com
610,可可妈咪YY521LOVE,http://shop113919582.taobao.com
611,可可的美妆铺,http://shop117624440.taobao.com
613,爱尚美假睫毛,http://shop60090984.taobao.com
614,芸子乐正品店,http://shop112495688.taobao.com
615,心寓心愿,http://shop65603117.taobao.com
617,女人爱自己1号店,http://shop162177445.taobao.com
618,臻美品牌店,http://shop100781847.taobao.com
619,女女美丽小铺,http://shop142172069.taobao.com
620,灵语名妆护肤店,http://shop67872999.taobao.com
621,汇达柠檬1号店,http://shop122941897.taobao.com
622,柠檬韩妆 正品韩妆,http://shop33389572.taobao.com
623,AnYA韩妆代购,http://shop148264939.taobao.com
627,Eves glow正品代购,http://shop111203907.taobao.com
630,付爱宝正品护肤馆,http://shop102550563.taobao.com
634,萱靖伊化妆品正品店,http://shop117941698.taobao.com
636,婧小涵之家,http://shop59898019.taobao.com
637,美颜坊888,http://shop35963385.taobao.com
640,简萱家,http://shop114869590.taobao.com
644,牛妈美肤小筑  微信号xbz667788,http://shop113096726.taobao.com
645,杂货铺1998,http://shop64929976.taobao.com
646,小新美肤护肤,http://shop69071934.taobao.com
647,小晚代购,http://shop127977501.taobao.com
648,付爱宝金欧莱护肤,http://shop124847549.taobao.com
651,宸宸小铺 好用才是王道,http://shop148733742.taobao.com
652,索珞健康美丽小店铺,http://shop60376450.taobao.com
653,迪菲尼美容护肤,http://shop106369720.taobao.com
654,小晓韩国化妆品代购,http://shop63796059.taobao.com
655,香蕉计划安全套总店,http://shop72897040.taobao.com
657,逗逗鱼精品,http://shop136708034.taobao.com
658,徐老大的店铺,http://shop131024133.taobao.com
659,白开水小姐的店,http://shop113621306.taobao.com
660,YandL,http://shop104248886.taobao.com
662,叶小米美妆,http://shop33529693.taobao.com
664,混世小黑瓶,http://shop116369082.taobao.com
666,怀旧的回忆小铺,http://shop114944509.taobao.com
667,小雨家面膜坊,http://shop104007461.taobao.com
668,卡比米奇1987,http://shop36735352.taobao.com
671,健康护肤美意天,http://shop35719067.taobao.com
673,绿色瘦身铺,http://shop62583464.taobao.com
674,郭美人护肤馆,http://shop110551294.taobao.com
675,网上邻居家,http://shop60846242.taobao.com
676,伊丫生活馆,http://shop35715988.taobao.com
678,白发转黑生发止脱,http://shop61612559.taobao.com
679,小布熊小卖部,http://shop62476473.taobao.com
680,妖精の私家店铺,http://shop57175631.taobao.com
686,坤昱蜜膜,http://shop141566653.taobao.com
687,文文化妆品专柜,http://shop64942154.taobao.com
690,Cleey 高端定制,http://shop35563863.taobao.com
693,茅先生的杂货铺,http://shop33377764.taobao.com
694,BB爱妈咪小铺海外购,http://shop105781959.taobao.com
695,三门特产直销店,http://shop33043263.taobao.com
698,萧萧家的柠檬店,http://shop108508873.taobao.com
699,阿芙精油美容护肤馆,http://shop63328049.taobao.com
700,啦哆啦潘,http://shop64560292.taobao.com
701,虾饺亲娘的日代小铺,http://shop116457771.taobao.com
702,香瑟妮香水,http://shop35746654.taobao.com
704,手島葵,http://shop69167587.taobao.com
707,顶级炮灰,http://shop157169066.taobao.com
708,凤舞九天美人馆,http://shop67610679.taobao.com
711,d[s61304186],http://shop61304186.taobao.com
713,金林 美颜坊,http://shop114574569.taobao.com
716,华佗世家 古皂古膜,http://shop36256526.taobao.com
721,宝贝家的化妆品,http://shop58066415.taobao.com
722,singlemomo心慕水性指彩 一号店,http://shop33253677.taobao.com
726,妞妞美妆工厂,http://shop114504775.taobao.com
727,SAISAI家,http://shop107122874.taobao.com
728,cll19811209,http://shop33148237.taobao.com
731,吴家三姐妹的海淘店,http://shop34236439.taobao.com
732,思蔓瑞明星御用彩妆,http://shop62739135.taobao.com
734,TST专业美肤,http://shop149975976.taobao.com
735,馨妈美肤,http://shop104469558.taobao.com
736,hallelulu涵韩代购,http://shop102965578.taobao.com
737,朱小姐海淘代购拼单,http://shop137733749.taobao.com
738,生活者家居,http://shop36597987.taobao.com
741,美人精品店,http://shop129957912.taobao.com
742,美人美色个人用品店,http://shop103416042.taobao.com
743,云浪百货,http://shop68490907.taobao.com
745,包你美到飞,http://shop108143788.taobao.com
746,朵可爱护肤,http://shop113083435.taobao.com
748,美载诚,http://shop131069417.taobao.com
749,攀爬的蜗牛生活馆,http://shop59690561.taobao.com
750,丽肤坊,http://shop35328398.taobao.com
751,恋上最初的美丽,http://shop35391063.taobao.com
753,美丽面对面路过不买,http://shop33723971.taobao.com
755,星新杂货铺,http://shop70303759.taobao.com
756,一号绿意家居,http://shop61630158.taobao.com
758,chengcheng美国彩妆馆,http://shop100439750.taobao.com
759,那年盛夏 小七护肤馆,http://shop62447265.taobao.com
760,名成美甲,http://shop108880160.taobao.com
761,自在生活用品店,http://shop126950962.taobao.com
762,养参堂电器直销店,http://shop107762948.taobao.com
763,范恩恩,http://shop127595217.taobao.com
764,三好小铺丿,http://shop126093415.taobao.com
765,优美国际,http://shop61840263.taobao.com
766,炫彩美发中心,http://shop59591667.taobao.com
767,健康店11,http://shop130353468.taobao.com
768,Cherry家纯天然护肤,http://shop109402897.taobao.com
769,BaByMoM海外购,http://shop64175439.taobao.com
771,银泰百货城,http://shop106383831.taobao.com
774,d[s60612013],http://shop60612013.taobao.com
777,靓丽人生小铺,http://shop58840369.taobao.com
778,陶陶静的铺子,http://shop104261198.taobao.com
779,素年1987,http://shop58970703.taobao.com
781,昆山市皇朝五金工量刃具,http://shop65977892.taobao.com
782,JY 工作室,http://shop115607351.taobao.com
784,胖麻小铺,http://shop59193219.taobao.com
787,西安赫拉hera美睫半永久化妆会所,http://shop104305263.taobao.com
788,7782190,http://shop149253633.taobao.com
790,蜜淘妈咪杂货铺,http://shop57741473.taobao.com
791,COCO 韩国女装店,http://shop33722021.taobao.com
792,d[s35028653],http://shop35028653.taobao.com
793,包先生BIG SHOP,http://shop59983642.taobao.com
794,萍儿美妆馆,http://shop112923758.taobao.com
795,红心小屋LOVE,http://shop35598777.taobao.com
796,Lww韩泰购,http://shop64747715.taobao.com
797,静麻mageline麦吉丽正品护肤,http://shop111455193.taobao.com
798,麦吉丽护肤素颜之美,http://shop145410391.taobao.com
799,小迷糊嘛嘛韩国代购,http://shop64434808.taobao.com
802,专业护发美容用品,http://shop61822131.taobao.com
803,茗凯美发产品,http://shop109119911.taobao.com
805,静涵麻麻的小铺,http://shop113655571.taobao.com
806,灵卫罡久久,http://shop62369548.taobao.com
807,小约瑟のHOME国际代购,http://shop145072588.taobao.com
810,名门佳人,http://shop34942367.taobao.com
817,冯小姐清韵诗,http://shop144806859.taobao.com
820,店小二好白嫩,http://shop157181535.taobao.com
821,味味格子铺,http://shop67181594.taobao.com
822,路边的蓝仔,http://shop70588973.taobao.com
823,哆哆小卖铺,http://shop72367794.taobao.com
824,夏夏de商铺,http://shop148954560.taobao.com
825,美妆网络爆款1,http://shop143417541.taobao.com
826,新丝路美发用品商行,http://shop72954071.taobao.com
827,纪蔻护肤小铺,http://shop73021830.taobao.com
828,蓝辛小铺,http://shop140795617.taobao.com
829,辰宝麻麻的小店,http://shop65428521.taobao.com
830,菱儿家健康瘦身小铺,http://shop35576067.taobao.com
831,小公举的魔堡,http://shop61257780.taobao.com
832,猫嘉工作室,http://shop36003629.taobao.com
833,蔻丝缇华东总代,http://shop126433374.taobao.com
834,d[s101567701],http://shop101567701.taobao.com
835,思埠正品888,http://shop116495756.taobao.com
836,恩恩哼哼店,http://shop61905192.taobao.com
837,汤恬护肤品店,http://shop110818895.taobao.com
839,前卫纹身器材,http://shop71625796.taobao.com
846,亿莎美妆馆 正品实拍,http://shop68522015.taobao.com
847,丽兰化妆品店,http://shop36994123.taobao.com
848,唐唐1号店,http://shop143226825.taobao.com
849,恩嘉琪正品护肤品店,http://shop149884451.taobao.com
850,茂源 趣味,http://shop58648229.taobao.com
851,素琴家正品韩妆代购店,http://shop36380006.taobao.com
852,帝颜娜世家,http://shop107876233.taobao.com
853,趣味正品店,http://shop108379585.taobao.com
854,莫奈尔 香水,http://shop58411350.taobao.com
856,黛琪贸易,http://shop66153347.taobao.com
857,清凉一夏STREP,http://shop72728107.taobao.com
858,d[s65629593],http://shop65629593.taobao.com
859,正品只售正品,http://shop61781380.taobao.com
860,中国电信瑞丰营业厅,http://shop104664864.taobao.com
861,蚕宝宝的家(主营美容减肥产品),http://shop33303417.taobao.com
863,草佰态小店,http://shop144900151.taobao.com
864,佰草香凝￠应林,http://shop67904351.taobao.com
865,美发坊生活馆,http://shop100508989.taobao.com
866,囡囡护肤小铺,http://shop109182971.taobao.com
868,女神姿家美甲,http://shop102030505.taobao.com
870,梁医生祛痘天使品牌店,http://shop63214915.taobao.com
871,黑白熊家海淘购,http://shop121668590.taobao.com
873,前 者 化妆品店,http://shop114627640.taobao.com
874,佑佑的药妆店,http://shop35408969.taobao.com
876,逸辰店铺,http://shop64433618.taobao.com
877,让你的眼睛发现美,http://shop34240256.taobao.com
879,九菜瘦腰汤厂家直销店,http://shop124812748.taobao.com
880,田七马油皂正品店2015,http://shop129566441.taobao.com
882,纤姿丽人化妆品,http://shop72596973.taobao.com
884,韩小嘟智能小家电,http://shop110892737.taobao.com
885,法国Mooncherry梦泉星星,http://shop72198751.taobao.com
886,凯瑟琳美容美体,http://shop59582764.taobao.com
887,万视屋,http://shop115174293.taobao.com
888,清爽佳人   无味人生,http://shop35586365.taobao.com
889,缪思韩妆代购,http://shop145369343.taobao.com
891,小宝家TST,http://shop126491061.taobao.com
894,夏季防晒美白,http://shop110304632.taobao.com
895,尼斯维亚中国总仓库,http://shop102327265.taobao.com
898,d[s34654896],http://shop34654896.taobao.com
899,女人星期七,http://shop145518754.taobao.com
900,d[s122188177],http://shop122188177.taobao.com
903,姜力 萱妍堂 success,http://shop104739440.taobao.com
904,好护理医械商城,http://shop108135706.taobao.com
905,伊美shi尚,http://shop104412132.taobao.com
906,郁芳狐臭液诚品店,http://shop106397197.taobao.com
907,蔻塞国际正品专柜,http://shop156352041.taobao.com
908,小春 正品春缇舍氧元素,http://shop60453012.taobao.com
909,香柏树面膜,http://shop71529797.taobao.com
910,宇玉琼楼,http://shop106785088.taobao.com
911,哪怕太天真,http://shop151727721.taobao.com
912,正泰商铺,http://shop34389915.taobao.com
913,淼淼Mattel精品小屋,http://shop122606056.taobao.com
915,相宜本草佳宝专卖店,http://xiangyibencaojb.tmall.com
916,宝利家居专营店,http://baolijj.tmall.com
917,冉朵旗舰店,http://randuo.tmall.com
918,尹蔻化妆品专营店,http://yinkouhzp.tmall.com
919,公主李旗舰店,http://gongzhuli.tmall.com
920,欧美轩假发旗舰店,http://oumeixuan.tmall.com
925,珂慕纳品牌官方企业店,http://shop125058581.taobao.com
929,恩嘉琪护肤品牌企业店,http://shop144168282.taobao.com
930,七只兔专柜,http://shop149156334.taobao.com
933,康恩贝高山铁皮旗舰店,http://kebgstp.tmall.com
934,红石梁食品专营店,http://hslsp.tmall.com
935,褚铁匠旗舰店,http://chutiejiang.tmall.com
937,绿岛旗舰店,http://lvdao.tmall.com
938,葵博士旗舰店,http://kuiboshi.tmall.com
939,钰洪旗舰店,http://yuhongjjry.tmall.com
941,shinero宣柔旗舰店,http://xuanrouhzp.tmall.com
942,魔香旗舰店,http://moxianghzp.tmall.com
944,非龙即凤旗舰店,http://feilongjifeng.tmall.com
946,依依韩衣坊,http://shop150316084.taobao.com
948,清雅香旗舰店,http://qingyaxiang.tmall.com
949,d[s137441842],http://shop137441842.taobao.com
950,瑞人堂大药房旗舰店,http://rrtdyf.tmall.com
952,亮丽洁昕贝专卖店,http://lianglijiexb.tmall.com
1,维凯运动户外专营店,http://shop105760295.taobao.com
2,维凯运动户外专营店,http://wkydhw.tmall.com
3,三门县维凯电子商务有限公司,http://smwecan.1688.com
4,三门县维凯电子商务有限公司,http://shop1352740418574.1688.com
5,三门县维凯电子商务有限公司,http://smwecan88.1688.com
6,三门县维凯电子商务有限公司,http://smwecan8.cn.1688.com
7,三门县维凯电子商务有限公司,http://smwecan8.1688.com
8,欣诺母婴专营店,http://shop108546962.taobao.com
10,浙江汇榕电子商务有限公司,https://shop76k2477638953.1688.com
11,浙江汇榕电子商务有限公司,https://shop76k2477638953.1688.com
14,大创网,http://www.949598.com
16,三门大创电子商务有限公司,http://zjsmdc.1688.com
23,u[3302120786],http://shop185413263.taobao.com/
24,d[s102052413],http://shop102052413.taobao.com/
25,三门璐遥服饰有限公司,https://shop6580fi4524395.1688.com
26,农家良品铺子,http://shop156387323.taobao.com/
29,d[s109220058],http://shop109220058.taobao.com/
30,d[s129203297],http://shop129203297.taobao.com/
31,d[s156867933],http://shop156867933.taobao.com/
32,d[s114625904],http://shop114625904.taobao.com/
35,九妹鞋城,http://shop106577678.taobao.com/
36,d[s103911568],http://shop103911568.taobao.com/
37,诚信皮革护理店,http://shop100805752.taobao.com/
39,圣涵正轩电子商务服务部,http://shop151867775.taobao.com/
40,创派旗舰店,http://shop105993828.taobao.com/
41,爆琦旗舰店,http://shop108543565.taobao.com
44,d[s124920652],http://shop124920652.taobao.com/
47,观颜化妆品旗舰店,http://shop425562968.taobao.com/
49,视觉眼镜公司,http://shop145862434.taobao.com/
53,台州市春归贸易有限公司,http://shop1444410176808.1688.com
55,欧比特旗舰店,http://shop62706914.taobao.com
57,麦萌旗舰店,http://shop108475372.taobao.com
58,临海市姿子贸易有限公司,shop1433263972486.1688.com
59,杰克法拉利旗舰店,http://shop116141119.taobao.com
62,临海市先驰贸易有限公司,https://xianchimaoyi.1688.com
66,临海市奥汀电子商务有限公司,http://shop1382979232162.cn.1688.com
69,台州俊明贸易有限公司,https://shop1481218163242.1688.com
72,临海市祁隆贸易有限公司,http://lh0576.1688.com
75,肯升 居家百货生活馆,http://shop152011804.taobao.com/
78,泽邦家居,http://shop155407595.taobao.com/
87,uccstar韩式眼镜,http://shop162711938.taobao.com/
88,大動麦眼镜官方企业店,http://shop171161153.taobao.com/
108,去哪嗨 旅行用品一站式购物广场,http://shop334842907.taobao.com/
113,香港CARSA品牌企业店,http://shop166107465.taobao.com/
117,L EE 饰品,http://shop224106315.taobao.com/
120,d[s172124367],http://shop172124367.taobao.com/
121,仙居县喜禾禾电子商务有限公司,https://yaopp5217.1688.com
122,仙居县喜禾禾电子商务有限公司,http://shop1388750174236.1688.com
123,仙居县喜禾禾电子商务有限公司,http://www.haogongyi.cn/store/17592
124,唯艺发业,http://shop66709105.taobao.com/
125,火之凤创意美专卖店,http://shop166083757.taobao.com/
126,欧黎创意美专卖店,http://shop201246548.taobao.com/
132,菲姿蔓妮旗舰店,http://shop422380394.taobao.com/
133,魔香东祺专卖店,http://shop220971794.taobao.com/
134,琴叶东祺专卖店,http://shop267489485.taobao.com/
135,闪钻东祺专卖店,http://shop224322860.taobao.com/
136,台州市东祺工贸有限公司,http://tzdqgm.1688.com
137,琴叶童馨纺专卖店,http://shop557929498.taobao.com/
138,法利安花生米专卖店,http://shop120622471.taobao.com
141,台州市韩御电子商务有限公司,http://www.tzhanyu.com
142,d[s113288314],http://shop113288314.taobao.com/
143,典栈旗舰店,http://shop199089233.taobao.com/
144,天台米西尤贸易有限公司,http://alimixiyou.1688.com
151,哥锐达堂堂专卖店,http://shop110450652.taobao.com
154,尚煜百货,http://shop135377591.taobao.com/
156,汐美子旗舰店,http://shop254635092.taobao.com
159,宫薰母婴,http://shop536445268.taobao.com/
165,u[3230385448],http://shop259139258.taobao.com/
170,子粥鑫运动户外专营店,https://mall.jd.com/index-713955.html
173,卓硕箱包旗舰店,https://mall.jd.com/index-590740.html
174,芊荨女包,http://shop.mogujie.com/1hwpa/index?from=search_shop&shopapptag=atscommon
175,阳光美包旗舰店,https://mall.jd.com/index-39469.html
176,d[s111861202],http://shop111861202.taobao.com/
178,d[s104517204],http://shop104517204.taobao.com/
180,d[s151735431],http://shop151735431.taobao.com/
184,泰澄博云澄专卖店,http://shop189598475.taobao.com/
185,泰澄博云澄专卖店,http://taichengbyc.tmall.com
189,馨茹美妆,http://shop156101398.taobao.com/
190,大河母婴专营店,https://www.beibei.com/n/product/shop.html?sid=47795472.beibei.com/n/product/shop.html?sid=47795472
192,磊都母婴专营店,https://mall.jd.com/index-697768.html
196,宸苏母婴专营店,http://shop66146194.taobao.com/
197,两只熊熊宝宝童装,http://shop59992461.taobao.com/
198,宸苏母婴专营店,http://chensumy.tmall.com
203,洛惜家生活馆,http://shop33250987.taobao.com/
204,洛惜家,http://luoxijia.taobao.com
209,金海狐旗舰店,http://shop102245609.taobao.com
210,维普旗舰店,http://shop106190277.taobao.com/
211,cartion卡迩森旗舰店,http://shop105994210.taobao.com
212,极之鲜食品专营店,http://shop103604908.taobao.com
213,爱依瑞格汽车用品旗舰店,http://shop103749074.taobao.com
214,宏悦鞋类专营店,http://shop104188988.taobao.com
215,金伯利服饰专营店,http://shop105859506.taobao.com
219,松建汽车用品专营店,http://shop110483254.taobao.com
220,店铺浏览-淘宝网,http://shop125063049.taobao.com/
221,千千亲汽车用品专营店,http://shop112651992.taobao.com
223,温岭超炫专营店,https://mall.jd.com/index-72378.html
224,锦亿车品专营店,http://shop111687372.taobao.com
227,moxxy旗舰店,http://shop163537804.taobao.com/
228,宛如佳人旗舰店,http://shop430518129.taobao.com/
232,三和购物网,http://57ccd.com
233,小魔狗旗舰店,http://shop114634472.taobao.com/
237,法利安品车坊专卖店,http://shop290370555.taobao.com
238,eef女鞋,http://shop.mogujie.com/1172upnc/index?from=search_shop&shopapptag=atscommon
239,优路客旗舰店,http://shop114085610.taobao.com/
240,逗乐熊童鞋工厂店,http://shop137257353.taobao.com/
244,manwanwalk旗舰店,http://shop114604328.taobao.com
246,活能卡酷专卖店,http://shop165883739.taobao.com/
247,叭叭猫旗舰店,http://shop394758369.taobao.com/
252,汇合母婴专营店,https://mall.jd.com/index-594560.html
256,店铺浏览-淘宝网,http://shop129247290.taobao.com/
257,美彩丽旗舰店,http://shop490093581.taobao.com/
258,含薇旗舰店,http://shop313956134.taobao.com/
260,米思恒旗舰店,http://shop412363604.taobao.com/
261,店铺浏览-淘宝网,http://shop119631304.taobao.com/
264,曼迪蜜莉旗舰店,http://shop100456694.taobao.com
269,瑞人堂大药房旗舰店,http://shop109760622.taobao.com
274,梵尔森美威专卖店,http://shop108643583.taobao.com/
275,kineve旗舰店,http://shop58905110.taobao.com/
276,店铺浏览-淘宝网,http://shop65460289.taobao.com/
277,安姆兔旗舰店,http://shop289097917.taobao.com/
282,蘑菇云母婴旗舰店,http://shop.mogujie.com/1172qmm2/index?from=search_shop&shopapptag=atscommon
283,亲亲童鞋工厂店,http://shop144272118.taobao.com/
287,店铺浏览-淘宝网,http://shop143211086.taobao.com/
289,唯唯原创女鞋,http://shop.mogujie.com/1172uf4m/index?from=search_shop&shopapptag=atscommon
290,店铺浏览-淘宝网,http://shop148366715.taobao.com/
292,义乌市沸仕包装厂,http://shop145512685.taobao.com/
293,帕蔓妮休闲小铺,http://shop.mogujie.com/1172uesw/index?from=search_shop&shopapptag=atscommon
301,千足鞋庄,http://shop109115458.taobao.com/
302,火云鞋神潮流女鞋坊,http://shop163244046.taobao.com/
303,靓麦潮鞋企业店,http://shop162475806.taobao.com/
311,首页-门牙兔童鞋-淘宝网,http://shop163288234.taobao.com/
313,顾小姐高端定制美鞋,http://shop529284150.taobao.com/
315,穿着高跟鞋走不到的路,http://shop195784658.taobao.com/
316,wowo莹莹家,http://shop.mogujie.com/1cxp2m/index?from=search_shop&shopapptag=atscommon
319,卡利鸟旗舰店,http://shop499131813.taobao.com/
320,楷姿旗舰店,http://shop366586511.taobao.com/
333,速八高端女鞋,http://shop476530541.taobao.com/
337,首页-素 若-淘宝网,http://shop411239522.taobao.com/
350,森米正品浙江总店,http://shop62584169.taobao.com/
352,可萌baby母婴用品,http://shop157053459.taobao.com/
354,TCL小家电商场,http://shop118262166.taobao.com/
355,tcl时创专卖店,http://shop110481793.taobao.com
356,格兰仕玉环时创专卖店,http://shop111137627.taobao.com/
358,泊泉雅企业直销店,http://shop150316084.taobao.com/
363,圣欧服饰专营店,https://mall.jd.com/index-148441.html
369,凡菓食品,http://shop149514148.taobao.com/
371,共工氏官方企业店,http://shop351447506.taobao.com/
372,悦洗妈咪自营店,http://shop457646486.taobao.com/
375,潮秘书,http://shop.mogujie.com/1o7dcq/index?from=search_shop&shopapptag=atscommon
376,咔啦啦英国海购,http://shop336178771.taobao.com/
380,nevenka尼雯卡旗舰店,http://shop108850273.taobao.com/
382,台州市家门口电子商务有限公司,http://www.jmkdds.com/
386,欧慕莎鞋类专营店,http://shop110038791.taobao.com
388,台州欧慕莎电子商务有限公司,http://omsxl.tmall.com
391,宝贝豆童鞋官方店,http://shop124777390.taobao.com/
397,雅琪汽车用品专营店,http://shop155664066.taobao.com/
402,希希林保健品专营店,http://shop155275896.taobao.com/
404,女鞋时尚潮流网店,http://shop106449554.taobao.com/
405,秋语花卉旗舰店,http://shop540123536.taobao.com/
406,台州艾蕊丝电子商务有限公司,http://shop160000360.taobao.com
410,绿叶品质生活馆,http://shop200125020.taobao.com/
418,fashsee旗舰店,http://shop103211293.taobao.com/
422,克曼丝官方旗舰店,https://mall.jd.com/index-160775.html
423,步言步语官方店,http://shop108878703.taobao.com/
424,克曼丝旗舰店,http://shop166194376.taobao.com/
428,colodanty旗舰店,http://shop111845624.taobao.com/
430,宅集购家居专营店,https://mall.jd.com/index-95766.html
431,枚集旗舰店,http://shop389486408.taobao.com/
432,史努比宅集购专卖店,http://shop495543746.taobao.com/
433,枚集家居旗舰店,http://shop462064841.taobao.com/
434,宅集购家居专营店,http://shop113496662.taobao.com
435,密斯家 Mieshome 原创家居,http://shop121310438.taobao.com/
437,润优母婴专营店,http://shop113618409.taobao.com/
439,台州润优母婴专营店,http://shop116124556.taobao.com
440,纱绫祥腾专卖店,http://shop113926747.taobao.com/
446,加西亚服饰旗舰店,http://shop112339350.taobao.com
453,LEC品牌直销店,http://shop152682608.taobao.com/
456,消失的光年家,http://shop149971092.taobao.com/
459,恋恋的青葱鞋柜,http://shop271972075.taobao.com/
463,娇丰时尚韩版女鞋,http://shop416750264.taobao.com/
467,蜜鱼miyu,http://shop427912729.taobao.com/
468,熊猫跳跳母婴店,http://shop155281468.taobao.com/
469,d[s162873578],http://shop162873578.taobao.com/
470,沐橙童鞋有限公司,http://shop162622636.taobao.com/
479,慕宝汽车用品专营店,http://shop229343797.taobao.com/
481,彩阔童鞋专营店,https://mall.jd.com/index-674177.html
482,d[s553827614],http://shop553827614.taobao.com/
483,连心娃玩具旗舰店,http://shop112294185.taobao.com/
489,常青树爸爸装企业店,http://shop171371390.taobao.com/
496,泰国天然乳胶寝具品牌店,http://shop140681000.taobao.com/
497,哈皮小猪企业店,http://shop165940414.taobao.com/
1,观颜化妆品旗舰店,https://guanyanhzp.tmall.com/shop/view_shop.htm
4,婵姿美甲店,http://shop262886800.taobao.com/
7,Domybear多米小熊旗舰店,http://shop141655017.taobao.com
8,胖胖婴儿用品店,http://shop64262564.taobao.com
13,优优小卡美甲店,http://shop305296614.taobao.com/
19,唯艺发业,http://shop66709105.taobao.com/
20,火之凤创意美专卖店,http://shop166083757.taobao.com/
21,欧黎创意美专卖店,http://shop201246548.taobao.com/
24,瑞人堂大药房旗舰店,http://rrtdyf.tmall.com
26,博鲨化妆品专营店,http://bshzp.tmall.com
42,付爱宝旗舰店,https://fuaibao.jd.com/