id,platform,url,tag
2,温岭市太平蔚君化妆品店,http://shop1441126327860.1688.com,201810小哥巡查
3,台州尹蔻贸易有限公司,http://enggao1688.1688.com,201810小哥巡查
4,台州市黄岩女主角化妆品有限公司,http://zhulizhongguo.1688.com,201810小哥巡查
5,台州市路桥区金稻化妆品商行,http://shop1433609465847.1688.com,201810小哥巡查
6,台州市路桥区金稻化妆品商行,http://kingdomtz.1688.com,201810小哥巡查
7,台州罗艾贸易有限公司,http://xaix.tmall.com/index.htm?spm=a1z10.5-b.w5002-3654538693.2.D7pHbB,201810小哥巡查
8,台州市佳宝化妆品有限公司,http://xiangyibencaojb.tmall.com/,201810小哥巡查
10,台州市西曼商贸有限公司,http://savolxm.tmall.com,201810小哥巡查
11,kasi旗舰店,http://kasi.tmall.com,201810小哥巡查
12,卓妍旗舰店,http://zhuoyanjiaju.tmall.com,201810小哥巡查
14,博鲨化妆品专营店,http://bshzp.tmall.com,201810小哥巡查
15,膜膜皇后化妆品旗舰店,http://momohuanghou.tmall.com,201810小哥巡查
16,欧野化妆品专营店,http://oyhzp.tmall.com,201810小哥巡查
17,老一苏旗舰店,http://laoyisu.tmall.com,201810小哥巡查
18,魔香旗舰店,https://moxianghzp.tmall.com/,201810小哥巡查
19,章华旗舰店,https://zhanghua.tmall.com/,201810小哥巡查
20,艾贝尔化妆品专营店,https://abehzp.tmall.com/,201810小哥巡查
21,温雅畅阳专卖店,https://youngracecy.tmall.com/,201810小哥巡查
22,膜膜皇后化妆品旗舰店,https://momohuanghou.tmall.com/,201810小哥巡查
23,shinero宣柔旗舰店,https://xuanrouhzp.tmall.com/,201810小哥巡查
24,kasi庐昂专卖店,https://kasiluang.tmall.com/,201810小哥巡查
25,琴叶东祺专卖店,https://qinxiedongqi.tmall.com/,201810小哥巡查
26,章华汉草旗舰店,https://zhanghuahancao.tmall.com/,201810小哥巡查
27,尹蔻化妆品专营店,https://yinkouhzp.tmall.com/,201810小哥巡查
28,梵庭化妆品专营店,https://fantinghzp.tmall.com,201810小哥巡查
29,美庄化妆品专营店,https://meizhuanghzp.tmall.com/,201810小哥巡查
30,琴叶西麦专卖店,https://qinyexm.tmall.com/,201810小哥巡查
33,魔香东祺专卖店,https://moxiangdongqi.tmall.com/,201810小哥巡查
34,菲姿蔓妮旗舰店,https://feizimanni.tmall.com/,201810小哥巡查
35,台州馨蕊化妆品有限公司,http://shop148569484.taobao.com/,201810小哥巡查
36,台州市梦月化妆品有限公司,https://shop68480735.taobao.com/index.htm?spm=2013.,201810小哥巡查
37,馨蕊化妆品,http://shop148569484.taobao.com,201810小哥巡查
38,莱诺霏官方店,http://shop140380795.taobao.com,201810小哥巡查
41,小辣椒九菜瘦身馆,http://shop136949407.taobao.com,201810小哥巡查
42,楚俏萌美妆,http://shop144438209.taobao.com,201810小哥巡查
44,风格磨坊化妆包小铺,http://shop127016049.taobao.com,201810小哥巡查
45,艾樱优品,http://shop140054853.taobao.com,201810小哥巡查
47,粉色妆铺,http://shop35544217.taobao.com,201810小哥巡查
48,周四家泰国代购,http://shop57769414.taobao.com,201810小哥巡查
49,本日日本购,http://shop36524996.taobao.com,201810小哥巡查
50,心悦护肤馆,http://shop35796044.taobao.com,201810小哥巡查
51,顺富化妆品商行,http://shop60007464.taobao.com,201810小哥巡查
52,太子妃日淘,http://shop108598333.taobao.com,201810小哥巡查
53,子悦君愿小百货,http://shop36848457.taobao.com,201810小哥巡查
54,小蔡日韩人肉代购,http://shop124421161.taobao.com,201810小哥巡查
56,莹子小铺,http://shop61746649.taobao.com,201810小哥巡查
57,可爱叮咚美甲店,http://shop110190326.taobao.com,201810小哥巡查
58,小蔚美甲彩妆,http://shop64116019.taobao.com,201810小哥巡查
59,辣妈LL  全球代购,http://shop36997103.taobao.com,201810小哥巡查
60,璐璐丫头日妆代购店,http://shop34908535.taobao.com,201810小哥巡查
61,淘香岛正品试管香水店,http://shop33572226.taobao.com,201810小哥巡查
62,奈良美妆NARA BEAUTY,http://shop71168891.taobao.com,201810小哥巡查
63,唯美仙子美妆屋,http://shop108724644.taobao.com,201810小哥巡查
68,蒲公英の流浪,http://shop57071324.taobao.com,201810小哥巡查
70,桃花源记  小Z,http://shop36444427.taobao.com,201810小哥巡查
72,红地球 U2B 专柜正品,http://shop36395481.taobao.com,201810小哥巡查
76,小牛牛大康康の家,http://shop36403757.taobao.com,201810小哥巡查
77,有女如茶有机护肤馆,http://shop145959280.taobao.com,201810小哥巡查
78,韩妆缘美妆店,http://shop33663865.taobao.com,201810小哥巡查
79,TT Home 天天家小铺,http://shop59405520.taobao.com,201810小哥巡查
80,千变小巫 7月7日至17日店主在韩国只接单不发货,http://shop34618999.taobao.com,201810小哥巡查
81,米爱娜,http://shop64315006.taobao.com,201810小哥巡查
84,呛口欧尼,http://shop110206652.taobao.com,201810小哥巡查
85,花果汁韩妆联盟,http://shop71715141.taobao.com,201810小哥巡查
87,韩后美妆精品店,http://shop121818069.taobao.com,201810小哥巡查
88,琳琳美人美妆,http://shop35303707.taobao.com,201810小哥巡查
89,瑞哥领队代购,http://shop66735301.taobao.com,201810小哥巡查
90,性感U物,http://shop71340447.taobao.com,201810小哥巡查
91,莎魔女De小铺,http://shop35951374.taobao.com,201810小哥巡查
92,AOKI日本,http://shop68948829.taobao.com,201810小哥巡查
93,飞旋电器,http://shop33339328.taobao.com,201810小哥巡查
95,时尚vs物美价廉,http://shop59345855.taobao.com,201810小哥巡查
97,shop 煌玛纹身纸 防水防汗纹身贴纸批发,http://shop34140374.taobao.com,201810小哥巡查
98,小饼干首尔代购,http://shop124500853.taobao.com,201810小哥巡查
99,凔恩の韩货代购小铺,http://shop36721658.taobao.com,201810小哥巡查
100,小董的黑色柳丁,http://shop36221632.taobao.com,201810小哥巡查
101,笑笑美颜,http://shop61270359.taobao.com,201810小哥巡查
102,vito发型师装备,http://shop61142564.taobao.com,201810小哥巡查
103,兔小维美妆代购25号飞韩国,http://shop35482521.taobao.com,201810小哥巡查
106,喵咖啡CatCoffee代购,http://shop36908378.taobao.com,201810小哥巡查
111,韩妆 只做正品,http://shop36362406.taobao.com,201810小哥巡查
113,小君化妆品店,http://shop33375093.taobao.com,201810小哥巡查
115,懒人国,http://shop70697111.taobao.com,201810小哥巡查
116,IVY巴厘岛特色小铺,http://shop64826779.taobao.com,201810小哥巡查
121,彩妆世界tz,http://shop34970433.taobao.com,201810小哥巡查
122,泡泡美妆馆,http://shop69242924.taobao.com,201810小哥巡查
123,章鱼君Octopus生活馆,http://shop60681001.taobao.com,201810小哥巡查
126,姐弟日本代购正品店,http://shop34345707.taobao.com,201810小哥巡查
132,圣女果的日代小店,http://shop112408591.taobao.com,201810小哥巡查
138,一品台湾家洗护养发馆,http://shop60730214.taobao.com,201810小哥巡查
139,1983纹身贴,http://shop57978973.taobao.com,201810小哥巡查
140,大丫头美国彩妆馆,http://shop36886708.taobao.com,201810小哥巡查
143,全新二手数码配件,http://shop36474948.taobao.com,201810小哥巡查
145,Alice艾丽丝美妆小铺,http://shop36192397.taobao.com,201810小哥巡查
146,数码家电系列,http://shop64440260.taobao.com,201810小哥巡查
147,家有两千金海淘小站,http://shop61671366.taobao.com,201810小哥巡查
149,百分百海淘小铺,http://shop58346310.taobao.com,201810小哥巡查
151,Yuri海外良品,http://shop106052545.taobao.com,201810小哥巡查
155,纹身贴纸批发 零售,http://shop64241884.taobao.com,201810小哥巡查
156,苹果纹身贴纸批发零售,http://shop63497284.taobao.com,201810小哥巡查
157,纹彩纹身贴纸店,http://shop35905073.taobao.com,201810小哥巡查
158,瓷肌正品LOve,http://shop118021283.taobao.com,201810小哥巡查
159,Love米可,http://shop60053509.taobao.com,201810小哥巡查
160,宇宇美妆,http://shop34742500.taobao.com,201810小哥巡查
163,鸿鼎美容美发用品商行,http://shop59143491.taobao.com,201810小哥巡查
166,爱艺小艺代购,http://shop64642059.taobao.com,201810小哥巡查
168,青春小铺好好生活,http://shop34939313.taobao.com,201810小哥巡查
169,KING纹身贴,http://shop63692149.taobao.com,201810小哥巡查
171,百合小姐的欧洲小铺,http://shop120297013.taobao.com,201810小哥巡查
173,羽靓日用品,http://shop102871673.taobao.com,201810小哥巡查
176,蜜思周家的SHOP,http://shop101659157.taobao.com,201810小哥巡查
177,快乐小鱼hy私家推荐,http://shop33739808.taobao.com,201810小哥巡查
178,快乐元素生活馆,http://shop34238477.taobao.com,201810小哥巡查
179,华佗杀菌古皂－－椒江,http://shop33609197.taobao.com,201810小哥巡查
182,又又家的小铺,http://shop100225738.taobao.com,201810小哥巡查
184,MissZhang张馨予品牌店,http://shop102944622.taobao.com,201810小哥巡查
188,菜菜家网红同款,http://shop61381700.taobao.com,201810小哥巡查
190,面膜美妆小铺,http://shop67097127.taobao.com,201810小哥巡查
192,狐狸之城美妆服饰百货商城,http://shop34863970.taobao.com,201810小哥巡查
194,美美 MM 美妆小铺,http://shop34735273.taobao.com,201810小哥巡查
195,女主角美甲明星店铺,http://shop36590862.taobao.com,201810小哥巡查
196,小茜美妆0606,http://shop60588332.taobao.com,201810小哥巡查
197,梳妆台的饰界,http://shop57915877.taobao.com,201810小哥巡查
201,木子美妆工作室,http://shop65593653.taobao.com,201810小哥巡查
202,空气甜甜的法国,http://shop115006517.taobao.com,201810小哥巡查
204,温岭市恒祥医疗塑业,http://shop67849657.taobao.com,201810小哥巡查
206,宁宁晴庄,http://shop58913763.taobao.com,201810小哥巡查
209,伊秀美妆化妆品批发商行,http://shop62017615.taobao.com,201810小哥巡查
210,POPO美妆小铺,http://shop71555679.taobao.com,201810小哥巡查
214,萌小歆全球购,http://shop34405373.taobao.com,201810小哥巡查
215,异绣堂纹身器材,http://shop117091397.taobao.com,201810小哥巡查
216,护肤品女鞋店,http://shop66807525.taobao.com,201810小哥巡查
218,玛莎妮娜美妆铺,http://shop114525854.taobao.com,201810小哥巡查
219,馨樂園迷你试管香水,http://shop37079886.taobao.com,201810小哥巡查
221,哎呦不错世界风,http://shop114570166.taobao.com,201810小哥巡查
222,水肤梦DIY,http://shop33924164.taobao.com,201810小哥巡查
223,linmin美妆颜蔻浙江店,http://shop36715536.taobao.com,201810小哥巡查
226,迷雾森林の香薰芳疗,http://shop66893229.taobao.com,201810小哥巡查
227,心源伊家,http://shop34915401.taobao.com,201810小哥巡查
228,听听PROMISE,http://shop69267200.taobao.com,201810小哥巡查
230,观颜体验店,http://shop72912081.taobao.com,201810小哥巡查
232,美妆店1,http://shop126266350.taobao.com,201810小哥巡查
233,精灵霸道女王,http://shop105525065.taobao.com,201810小哥巡查
234,韩妆正品名品店,http://shop108828431.taobao.com,201810小哥巡查
237,SASA韩国专业代购,http://shop59608166.taobao.com,201810小哥巡查
239,跳跳麻麻日韩代购,http://shop108624138.taobao.com,201810小哥巡查
240,面面面的店,http://shop62577950.taobao.com,201810小哥巡查
241,zk全球购精品代购,http://shop64787480.taobao.com,201810小哥巡查
243,SIN家,http://shop67662718.taobao.com,201810小哥巡查
245,嗨淘气猫,http://shop58764738.taobao.com,201810小哥巡查
249,37度品味批发零售,http://shop35308306.taobao.com,201810小哥巡查
251,狠狠爱自己258美丽,http://shop35001817.taobao.com,201810小哥巡查
253,家乐美妆一号店,http://shop121304605.taobao.com,201810小哥巡查
254,lucy海外人肉代购,http://shop58201999.taobao.com,201810小哥巡查
255,乐宝的小小铺,http://shop36573054.taobao.com,201810小哥巡查
259,正品名牌美发产品批发美发工具批发,http://shop64258757.taobao.com,201810小哥巡查
260,鑫来塑料家居用品店,http://shop60851938.taobao.com,201810小哥巡查
263,天绣彩妆护肤美甲定制,http://shop34298976.taobao.com,201810小哥巡查
266,Ann高端天然护肤用品美发用品,http://shop61203110.taobao.com,201810小哥巡查
268,雯子美妆护肤,http://shop113876972.taobao.com,201810小哥巡查
269,亮妆驿站平价美容护肤馆,http://shop34979030.taobao.com,201810小哥巡查
275,研秀美妆商行,http://shop61070132.taobao.com,201810小哥巡查
280,依颜容妆阁,http://shop63817933.taobao.com,201810小哥巡查
283,美丽符号会员店,http://shop34478565.taobao.com,201810小哥巡查
284,轩家懒女人,http://shop72780143.taobao.com,201810小哥巡查
285,毕加索斯特,http://shop59055638.taobao.com,201810小哥巡查
286,美时美刻自信吧,http://shop58020162.taobao.com,201810小哥巡查
288,噹噹代购屋,http://shop104897702.taobao.com,201810小哥巡查
289,加油么么2号店,http://shop35393578.taobao.com,201810小哥巡查
290,章华染护发直销,http://shop71422695.taobao.com,201810小哥巡查
291,创意美容美发,http://shop35821456.taobao.com,201810小哥巡查
292,羽西 雅漾 薇姿 理肤泉 佰草集 专柜正品代购,http://shop34355462.taobao.com,201810小哥巡查
294,CICI 轻奢侈定制,http://shop61883376.taobao.com,201810小哥巡查
295,娇点女人美容精品馆,http://shop36502084.taobao.com,201810小哥巡查
297,知心美妆馆,http://shop65233306.taobao.com,201810小哥巡查
298,月儿公主日系假睫毛 化妆品,http://shop36487998.taobao.com,201810小哥巡查
299,心语美妆铺,http://shop36808428.taobao.com,201810小哥巡查
300,花姿坊只为正品,http://shop62700198.taobao.com,201810小哥巡查
303,魅影名妆馆,http://shop35727111.taobao.com,201810小哥巡查
304,魅影女王美丽养生堂,http://shop110610569.taobao.com,201810小哥巡查
305,倩丽肌本cherry918台湾好物,http://shop58623603.taobao.com,201810小哥巡查
307,那年 Good time,http://shop33989111.taobao.com,201810小哥巡查
308,健翔美容日化 玉环厂家直销,http://shop36611298.taobao.com,201810小哥巡查
309,迷之彩专业彩妆店,http://shop112307713.taobao.com,201810小哥巡查
310,裘大大杂货铺,http://shop143071961.taobao.com,201810小哥巡查
311,壹滴水护发一店,http://shop59245096.taobao.com,201810小哥巡查
312,蕾小猪のBeauty小铺,http://shop73418664.taobao.com,201810小哥巡查
313,格温美护肤小舖,http://shop60393198.taobao.com,201810小哥巡查
315,诺婷薇空气丝袜美腿喷雾,http://shop100047680.taobao.com,201810小哥巡查
316,米菟家 青春自然美丽,http://shop116999257.taobao.com,201810小哥巡查
318,蔻赛主营店铺,http://shop65189970.taobao.com,201810小哥巡查
320,德宝美妆,http://shop64836630.taobao.com,201810小哥巡查
322,南方电子-销售/批发各种品牌家电及原厂配件,http://shop71458478.taobao.com,201810小哥巡查
324,雪颜美妆坊,http://shop119629180.taobao.com,201810小哥巡查
325,小涵美妆小店,http://shop111943179.taobao.com,201810小哥巡查
326,小静雅舍,http://shop60771868.taobao.com,201810小哥巡查
327,素面妆品总店,http://shop35447641.taobao.com,201810小哥巡查
328,全球名妆代购,http://shop66421289.taobao.com,201810小哥巡查
331,优雅美妆,http://shop107925214.taobao.com,201810小哥巡查
332,木木正品之家,http://shop35163750.taobao.com,201810小哥巡查
334,姬存希护肤美妆小铺,http://shop117057835.taobao.com,201810小哥巡查
336,七彩家园日用家居馆--七彩家居,http://shop35290918.taobao.com,201810小哥巡查
337,雪诺点四号铺,http://shop107264399.taobao.com,201810小哥巡查
338,莎莎正品分销店,http://shop105441677.taobao.com,201810小哥巡查
340,伊甸园&middot;贸易,http://shop64211183.taobao.com,201810小哥巡查
341,幸福女人衣妆,http://shop61508579.taobao.com,201810小哥巡查
342,百胜医疗设备网络店,http://shop60851365.taobao.com,201810小哥巡查
343,健康养生保健坊,http://shop108756650.taobao.com,201810小哥巡查
345,熙米果果,http://shop63230876.taobao.com,201810小哥巡查
346,Slr Soap山里人手工制造,http://shop105076170.taobao.com,201810小哥巡查
347,晗悦美妆,http://shop66260441.taobao.com,201810小哥巡查
349,茗凯纯植物染发剂,http://shop60909183.taobao.com,201810小哥巡查
352,魔后全球购,http://shop112240384.taobao.com,201810小哥巡查
353,悠雅名妆,http://shop112377703.taobao.com,201810小哥巡查
354,台湾泡泡染直供店,http://shop104407704.taobao.com,201810小哥巡查
357,瞬间の小铺,http://shop35847306.taobao.com,201810小哥巡查
360,可然私房护肤,http://shop35945207.taobao.com,201810小哥巡查
362,艾琳护肤宝典,http://shop62088647.taobao.com,201810小哥巡查
363,华敏软管支架工厂店,http://shop67679468.taobao.com,201810小哥巡查
364,美妆の女神,http://shop58715709.taobao.com,201810小哥巡查
365,一朵朵港貨鋪,http://shop33530705.taobao.com,201810小哥巡查
366,南南家的杂货铺,http://shop70277773.taobao.com,201810小哥巡查
369,晨辉面妆商行,http://shop60102581.taobao.com,201810小哥巡查
370,美女时尚第一馆,http://shop57285627.taobao.com,201810小哥巡查
372,123木头人秒杀屋,http://shop34214417.taobao.com,201810小哥巡查
374,暮牧生活馆,http://shop60751099.taobao.com,201810小哥巡查
375,启程 生活馆,http://shop36975403.taobao.com,201810小哥巡查
376,美丽的天使1683,http://shop62720242.taobao.com,201810小哥巡查
377,温岭市金池电子科技,http://shop67606755.taobao.com,201810小哥巡查
379,丽洲美妆,http://shop71424928.taobao.com,201810小哥巡查
380,经典国货 专业批发,http://shop100314476.taobao.com,201810小哥巡查
383,浙人工坊,http://shop60690013.taobao.com,201810小哥巡查
385,依颜万年,http://shop100206103.taobao.com,201810小哥巡查
388,美丽誓颜丹丹2008,http://shop59739806.taobao.com,201810小哥巡查
389,小鸭子美妆,http://shop110872217.taobao.com,201810小哥巡查
390,希罗菇凉shop,http://shop150094850.taobao.com,201810小哥巡查
393,爱唯洁生活家居馆,http://shop35736056.taobao.com,201810小哥巡查
396,章华生态，染发，护发，焗油,http://shop34880512.taobao.com,201810小哥巡查
397,思埠  化妆品品牌店,http://shop36307957.taobao.com,201810小哥巡查
400,中国劲霸 专注个人护理,http://shop68782329.taobao.com,201810小哥巡查
403,铭氏精剪,http://shop58915666.taobao.com,201810小哥巡查
404,晚安美妆平价店Good night cosmetics,http://shop61508495.taobao.com,201810小哥巡查
407,凝胶手套袜套工厂直销店,http://shop71342676.taobao.com,201810小哥巡查
408,小M家の原创,http://shop65099254.taobao.com,201810小哥巡查
411,我在   鸣则名馆,http://shop145148364.taobao.com,201810小哥巡查
412,【宁波商盟】夏雪,http://shop33356465.taobao.com,201810小哥巡查
414,颜家小馆,http://shop35042902.taobao.com,201810小哥巡查
415,美丽宣言国际代购中心,http://shop33819397.taobao.com,201810小哥巡查
417,春色满园化妆品折扣店,http://shop67475447.taobao.com,201810小哥巡查
418,海八鲜礼券折扣店,http://shop57089014.taobao.com,201810小哥巡查
419,美乐多家居生活馆,http://shop35788375.taobao.com,201810小哥巡查
422,粉黛儿日用化妆品,http://shop115037318.taobao.com,201810小哥巡查
426,绎美宣美肤正品店,http://shop115922234.taobao.com,201810小哥巡查
427,欧诗漫化妆品店，,http://shop58351219.taobao.com,201810小哥巡查
430,妍皙化妆品,http://shop35647422.taobao.com,201810小哥巡查
432,优生活个人护理,http://shop36954164.taobao.com,201810小哥巡查
433,君悦堂,http://shop114148969.taobao.com,201810小哥巡查
436,九寨雪儿中医手工护肤品,http://shop61705180.taobao.com,201810小哥巡查
439,埔栏国货美妆,http://shop73489587.taobao.com,201810小哥巡查
443,药食同源中药,http://shop57224378.taobao.com,201810小哥巡查
444,三步猫美妆,http://shop112269635.taobao.com,201810小哥巡查
445,遇见最美自己 正品专柜,http://shop114692610.taobao.com,201810小哥巡查
446,纤纤美容美体养身馆,http://shop60985698.taobao.com,201810小哥巡查
449,康乐美妆小铺,http://shop136167959.taobao.com,201810小哥巡查
450,花姑娘美妆,http://shop103344237.taobao.com,201810小哥巡查
451,彩妆美人心,http://shop103952776.taobao.com,201810小哥巡查
452,民仙直销店,http://shop100582502.taobao.com,201810小哥巡查
454,阿宝化妆品,http://shop33904936.taobao.com,201810小哥巡查
457,香港succubi化妆品,http://shop105938691.taobao.com,201810小哥巡查
458,台州护肤品批发代发,http://shop148258029.taobao.com,201810小哥巡查
463,小糯米子团,http://shop69649412.taobao.com,201810小哥巡查
464,韩尚精品轩,http://shop59949124.taobao.com,201810小哥巡查
468,仙灸堂,http://shop72095940.taobao.com,201810小哥巡查
469,韩公主美妆,http://shop33632966.taobao.com,201810小哥巡查
470,九公子旗航店,http://shop58866960.taobao.com,201810小哥巡查
473,居家女人化妆,http://shop107628328.taobao.com,201810小哥巡查
474,淘乐乐美妆生活馆,http://shop103201659.taobao.com,201810小哥巡查
475,娟子美尚优品ME G蜜吉家,http://shop36013812.taobao.com,201810小哥巡查
482,胶王之王,http://shop59610548.taobao.com,201810小哥巡查
486,瓷肌定格你的美丽,http://shop108560013.taobao.com,201810小哥巡查
487,不好用你咬我,http://shop36051005.taobao.com,201810小哥巡查
493,朵妍日用化妆品店,http://shop60700632.taobao.com,201810小哥巡查
497,韩妆缘,http://shop34189290.taobao.com,201810小哥巡查
498,i m g  爱美肌正品美妆,http://shop61751713.taobao.com,201810小哥巡查
499,泡芙仙仙,http://shop72475048.taobao.com,201810小哥巡查
501,杜润佳佳美肤店,http://shop114153550.taobao.com,201810小哥巡查
502,漂亮人生彩妆坊,http://shop61155652.taobao.com,201810小哥巡查
505,欧美姿面膜批发商,http://shop57253398.taobao.com,201810小哥巡查
508,美白牙齿专家,http://shop58187703.taobao.com,201810小哥巡查
509,某某孩子店铺,http://shop72446638.taobao.com,201810小哥巡查
510,阿菜日本代购,http://shop59814762.taobao.com,201810小哥巡查
511,上海摩登红人小铺,http://shop108241650.taobao.com,201810小哥巡查
512,千足秀打底,http://shop59461488.taobao.com,201810小哥巡查
514,芒果鲸鱼海淘,http://shop150554179.taobao.com,201810小哥巡查
518,海棠居护肤,http://shop34295205.taobao.com,201810小哥巡查
519,买买爽的家,http://shop37013260.taobao.com,201810小哥巡查
524,沐青养生堂,http://shop58953844.taobao.com,201810小哥巡查
525,尚风生活馆,http://shop35785424.taobao.com,201810小哥巡查
526,发之8,http://shop58945848.taobao.com,201810小哥巡查
528,简衣阁－雪,http://shop107444041.taobao.com,201810小哥巡查
530,果子美颜swallow,http://shop34118172.taobao.com,201810小哥巡查
531,绝不拿你的脸开玩笑,http://shop57940605.taobao.com,201810小哥巡查
532,家佳人化妆品,http://shop108933768.taobao.com,201810小哥巡查
536,AT天使护肤品总店,http://shop65113236.taobao.com,201810小哥巡查
539,大萌牙日韩游,http://shop33620150.taobao.com,201810小哥巡查
540,俏佳人专柜化妆品,http://shop61192882.taobao.com,201810小哥巡查
541,潮妈萌宝宝,http://shop57975488.taobao.com,201810小哥巡查
544,多多少少美妆批发零售店,http://shop129062226.taobao.com,201810小哥巡查
547,小风美妆护肤店铺,http://shop63516277.taobao.com,201810小哥巡查
548,曼倩,http://shop70815979.taobao.com,201810小哥巡查
551,许愿家,http://shop60279525.taobao.com,201810小哥巡查
554,希望之光工厂店,http://shop104573380.taobao.com,201810小哥巡查
555,大小姐de名品屋,http://shop156974728.taobao.com,201810小哥巡查
560,傻妞儿 化妆品店,http://shop118226398.taobao.com,201810小哥巡查
561,宠爱我的脸浙江总代,http://shop61314305.taobao.com,201810小哥巡查
564,西部日用品店,http://shop58446997.taobao.com,201810小哥巡查
565,王中华 骨健康馆,http://shop72353657.taobao.com,201810小哥巡查
566,艾灸仪器厂,http://shop104399372.taobao.com,201810小哥巡查
567,从头再来凌子小店,http://shop162761661.taobao.com,201810小哥巡查
571,美女郎化妆品店,http://shop33846576.taobao.com,201810小哥巡查
572,语冰特惠特卖,http://shop107280194.taobao.com,201810小哥巡查
574,美肌美妆专柜,http://shop59884539.taobao.com,201810小哥巡查
578,如新抗衰老店,http://shop60752233.taobao.com,201810小哥巡查
579,实友商贸,http://shop33627011.taobao.com,201810小哥巡查
580,净颜美肤工坊,http://shop130911554.taobao.com,201810小哥巡查
587,韵涵小店主,http://shop105721949.taobao.com,201810小哥巡查
590,燕子潘多拉,http://shop70959445.taobao.com,201810小哥巡查
591,头皮理疗发医生,http://shop102715516.taobao.com,201810小哥巡查
592,诗彤化妆品店,http://shop60622626.taobao.com,201810小哥巡查
593,一次性染发彩妆商城,http://shop58743130.taobao.com,201810小哥巡查
598,蜜丝小姐假发,http://shop35964356.taobao.com,201810小哥巡查
599,baby cady嘟嘟,http://shop103969037.taobao.com,201810小哥巡查
600,Vi vi纯手工diy甜点,http://shop33658848.taobao.com,201810小哥巡查
602,一 轩 皂 坊,http://shop61139973.taobao.com,201810小哥巡查
605,翰林小家电,http://shop100930622.taobao.com,201810小哥巡查
606,芝琪美丽世界幸福一生,http://shop57980463.taobao.com,201810小哥巡查
609,手艺美甲美睫,http://shop36076335.taobao.com,201810小哥巡查
612,阿潘达,http://shop116643659.taobao.com,201810小哥巡查
616,棒女郎6S店,http://shop111399495.taobao.com,201810小哥巡查
624,周周美妆,http://shop71997221.taobao.com,201810小哥巡查
625,小鱼麻麻台湾代购店,http://shop33645355.taobao.com,201810小哥巡查
626,温雅产品网络销售,http://shop60494461.taobao.com,201810小哥巡查
628,美丽会化妆馆,http://shop63910894.taobao.com,201810小哥巡查
629,远松峰化妆品店,http://shop120231593.taobao.com,201810小哥巡查
631,妮妮新妆,http://shop108487904.taobao.com,201810小哥巡查
632,Miss 姗,http://shop60127649.taobao.com,201810小哥巡查
633,雪莲姿美化妆品店,http://shop36361093.taobao.com,201810小哥巡查
635,FFの美妆,http://shop107946013.taobao.com,201810小哥巡查
638,颜蔻店--颜寇 向/柠檬绿茶心蓝t透0西溪漫步居家家/学习,http://shop36519162.taobao.com,201810小哥巡查
639,美美化妆品之店,http://shop34664640.taobao.com,201810小哥巡查
641,漓江水,http://shop65745293.taobao.com,201810小哥巡查
642,悦馨商铺,http://shop62958987.taobao.com,201810小哥巡查
643,有韩妆就购了,http://shop118822585.taobao.com,201810小哥巡查
649,u[754390070],http://shop70254907.taobao.com,201810小哥巡查
650,萍萍护肤日用品商行,http://shop108018495.taobao.com,201810小哥巡查
656,哗啦啦化妆品,http://shop103228588.taobao.com,201810小哥巡查
661,萍萍化妆品店丹芝清丽阳丽颜世家雨竹潭国货精品,http://shop36447242.taobao.com,201810小哥巡查
663,迈迈家的小屋,http://shop66712174.taobao.com,201810小哥巡查
665,盼盼小铺0909,http://shop58377299.taobao.com,201810小哥巡查
669,小马美容美发用品,http://shop68030176.taobao.com,201810小哥巡查
670,伐杉尼罗香水品牌店,http://shop65774199.taobao.com,201810小哥巡查
672,美都美妆,http://shop58759319.taobao.com,201810小哥巡查
677,鑫富（幸福）小家电,http://shop63725420.taobao.com,201810小哥巡查
681,时尚妆点店铺,http://shop61579422.taobao.com,201810小哥巡查
682,百灵康之品,http://shop60091684.taobao.com,201810小哥巡查
683,天津康婷瑞倪维儿品牌店,http://shop73195135.taobao.com,201810小哥巡查
684,棒棒糖921,http://shop57928459.taobao.com,201810小哥巡查
685,灵气之屋,http://shop111303212.taobao.com,201810小哥巡查
688,涵曦正品直售舰旗店,http://shop59230649.taobao.com,201810小哥巡查
689,温柔玫瑰彩妆,http://shop61035616.taobao.com,201810小哥巡查
691,植疗美品护肤,http://shop36628016.taobao.com,201810小哥巡查
692,木木村村长,http://shop150637492.taobao.com,201810小哥巡查
696,妍曦美肤馆,http://shop117318692.taobao.com,201810小哥巡查
697,柔曼柔兰 莉莉安总代,http://shop67648856.taobao.com,201810小哥巡查
703,Alin酱の日常,http://shop100414013.taobao.com,201810小哥巡查
705,清雪&amp;粉扑,http://shop34910466.taobao.com,201810小哥巡查
706,Fashion 先森,http://shop115211828.taobao.com,201810小哥巡查
709,嘿嘿alam化妆品折扣店,http://shop62337971.taobao.com,201810小哥巡查
710,愛美のの心,http://shop33369211.taobao.com,201810小哥巡查
712,润贝丝女人香,http://shop65118112.taobao.com,201810小哥巡查
714,虞美人护肤品折扣店,http://shop73428389.taobao.com,201810小哥巡查
715,衢州市衢江区老爸食品商行,http://shop64207081.taobao.com,201810小哥巡查
717,章华美发正品直销,http://shop112575299.taobao.com,201810小哥巡查
718,盟迪奥直销店,http://shop57205620.taobao.com,201810小哥巡查
719,DHV高级合伙人敏敏,http://shop70030038.taobao.com,201810小哥巡查
720,豪曼美丽之家,http://shop58516405.taobao.com,201810小哥巡查
723,狐臭液药品专家,http://shop103473445.taobao.com,201810小哥巡查
724,秀芝时尚护肤品,http://shop121195670.taobao.com,201810小哥巡查
725,正品求索狐克液特卖店,http://shop66018441.taobao.com,201810小哥巡查
729,黄薇颐,http://shop72090578.taobao.com,201810小哥巡查
730,d[s63458323],http://shop63458323.taobao.com,201810小哥巡查
733,靓彩生活馆,http://shop60315063.taobao.com,201810小哥巡查
739,浪人风琴,http://shop100169699.taobao.com,201810小哥巡查
740,绵羊mageline护肤,http://shop65906309.taobao.com,201810小哥巡查
744,玉环鸿洋塑料制品厂,http://shop59676854.taobao.com,201810小哥巡查
747,诺妈韩妆馆,http://shop63583000.taobao.com,201810小哥巡查
752,啊潮儿面膜店,http://shop100391658.taobao.com,201810小哥巡查
754,华伦帮你淘,http://shop67955720.taobao.com,201810小哥巡查
757,G知心靓衣房G,http://shop100667067.taobao.com,201810小哥巡查
770,仁信 茂源,http://shop102666661.taobao.com,201810小哥巡查
772,至尚名品,http://shop36705358.taobao.com,201810小哥巡查
773,一缕阳光☆生活馆,http://shop61276976.taobao.com,201810小哥巡查
775,GGshop,http://shop58244234.taobao.com,201810小哥巡查
776,美惠美容,http://shop34405118.taobao.com,201810小哥巡查
780,花儿公主家,http://shop33626934.taobao.com,201810小哥巡查
783,韩国皮肤管理仪器产品批发,http://shop115608651.taobao.com,201810小哥巡查
785,如此四季经典国货,http://shop63167769.taobao.com,201810小哥巡查
786,Allen store!,http://shop118488432.taobao.com,201810小哥巡查
789,呦蓝护肤美妆店,http://shop130009226.taobao.com,201810小哥巡查
800,小小美容师小铺,http://shop36051503.taobao.com,201810小哥巡查
801,八号当铺美妆,http://shop35412849.taobao.com,201810小哥巡查
804,蔻赛护肤达人,http://shop57124010.taobao.com,201810小哥巡查
808,林慢慢の跨境生活馆,http://shop64507235.taobao.com,201810小哥巡查
809,萍1987626p,http://shop100667767.taobao.com,201810小哥巡查
811,秘方茶,http://shop33401942.taobao.com,201810小哥巡查
812,小竹的小铺,http://shop72819687.taobao.com,201810小哥巡查
813,健康家园依雅轩,http://shop36061158.taobao.com,201810小哥巡查
814,小宇爱保养,http://shop61686967.taobao.com,201810小哥巡查
815,卷毛哥的店,http://shop36948733.taobao.com,201810小哥巡查
816,IL,http://shop60680799.taobao.com,201810小哥巡查
818,群舒美容美化,http://shop65716038.taobao.com,201810小哥巡查
819,萍萍名妆馆,http://shop118825937.taobao.com,201810小哥巡查
838,悦木集小铺,http://shop109069092.taobao.com,201810小哥巡查
840,指尖狂想美甲批发店,http://shop72881214.taobao.com,201810小哥巡查
841,乐乐草本护肤,http://shop152271572.taobao.com,201810小哥巡查
842,染发护发特卖,http://shop100329854.taobao.com,201810小哥巡查
843,趣味 直销店,http://shop66219012.taobao.com,201810小哥巡查
844,pearlosophy真珠美学 P,http://shop101304253.taobao.com,201810小哥巡查
845,韩国进口真珠美学,http://shop117311779.taobao.com,201810小哥巡查
855,FULL HOUSE 韩国代购店,http://shop35745164.taobao.com,201810小哥巡查
862,尼希电器,http://shop136827553.taobao.com,201810小哥巡查
863,草佰态小店,http://shop144900151.taobao.com,201810小哥巡查
867,MGSHOW台湾宿美肌药妆,http://shop36992805.taobao.com,201810小哥巡查
869,德国大管家,http://shop60432633.taobao.com,201810小哥巡查
872,爱情浪漫屋,http://shop143362776.taobao.com,201810小哥巡查
875,杨海琴の店,http://shop34554463.taobao.com,201810小哥巡查
878,小白菜日化铺,http://shop61129350.taobao.com,201810小哥巡查
881,龙头力学自我健康法,http://shop107823521.taobao.com,201810小哥巡查
883,四月天美容美发,http://shop33921474.taobao.com,201810小哥巡查
890,珂慕纳化妆品,http://shop109846302.taobao.com,201810小哥巡查
892,木沐木沐子,http://shop118297968.taobao.com,201810小哥巡查
893,雅维丝化妆品,http://shop114373216.taobao.com,201810小哥巡查
896,一品妆红,http://shop66275306.taobao.com,201810小哥巡查
897,维C小铺,http://shop125612181.taobao.com,201810小哥巡查
901,薇迪兰护肤,http://shop113161312.taobao.com,201810小哥巡查
902,Veanie店铺,http://shop59536539.taobao.com,201810小哥巡查
914,linmin美妆颜蔻浙江店,http://linmin989898.taobao.com,201810小哥巡查
915,相宜本草佳宝专卖店,http://xiangyibencaojb.tmall.com,201810小哥巡查
916,宝利家居专营店,http://baolijj.tmall.com,201810小哥巡查
917,冉朵旗舰店,http://randuo.tmall.com,201810小哥巡查
918,尹蔻化妆品专营店,http://yinkouhzp.tmall.com,201810小哥巡查
919,公主李旗舰店,http://gongzhuli.tmall.com,201810小哥巡查
920,欧美轩假发旗舰店,http://oumeixuan.tmall.com,201810小哥巡查
921,无患子生活馆,http://bzwhz.taobao.com,201810小哥巡查
922,畅阳美发特惠店,http://shop124565070.taobao.com,201810小哥巡查
923,金夫人生活馆企业店铺,http://shop142562227.taobao.com,201810小哥巡查
924,郁芳生物科技有限公司,http://shop143946838.taobao.com,201810小哥巡查
926,台州维真科技企业形象店,http://shop159960740.taobao.com,201810小哥巡查
927,EVENSTAR官方企业店,http://shop123613170.taobao.com,201810小哥巡查
928,观颜中国,http://shop124879157.taobao.com,201810小哥巡查
931,万拢健康专家,http://shop151507264.taobao.com,201810小哥巡查
932,老李家铁皮石斛,http://shop159491091.taobao.com,201810小哥巡查
933,康恩贝高山铁皮旗舰店,http://kebgstp.tmall.com,201810小哥巡查
935,褚铁匠旗舰店,http://chutiejiang.tmall.com,201810小哥巡查
936,壹滴水护发二店,http://shop124803124.taobao.com,201810小哥巡查
937,绿岛旗舰店,http://lvdao.tmall.com,201810小哥巡查
939,钰洪旗舰店,http://yuhongjjry.tmall.com,201810小哥巡查
940,弘都户外用品,http://shop151840162.taobao.com,201810小哥巡查
941,shinero宣柔旗舰店,http://xuanrouhzp.tmall.com,201810小哥巡查
942,魔香旗舰店,http://moxianghzp.tmall.com,201810小哥巡查
943,范世泽品牌官方店,http://shop139950177.taobao.com,201810小哥巡查
944,非龙即凤旗舰店,http://feilongjifeng.tmall.com,201810小哥巡查
945,牵挂睡眠馆,http://shop124481494.taobao.com,201810小哥巡查
947,完美女人韩妆代购,http://shop124822124.taobao.com,201810小哥巡查
948,清雅香旗舰店,http://qingyaxiang.tmall.com,201810小哥巡查
950,瑞人堂大药房旗舰店,http://rrtdyf.tmall.com,201810小哥巡查
951,隆信堂臻品养生坊,http://shop152260387.taobao.com,201810小哥巡查
952,亮丽洁昕贝专卖店,http://lianglijiexb.tmall.com,201810小哥巡查
953,元聚堂铁皮石斛,http://shop117623950.taobao.com,201810小哥巡查
954,台州雅韵贸易商行,http://shop135693674.taobao.com,201810小哥巡查
955,艾美医疗器械,http://shop123927486.taobao.com,201810小哥巡查
1,维凯运动户外专营店,http://shop105760295.taobao.com,对比后列表
2,维凯运动户外专营店,http://wkydhw.tmall.com,对比后列表
8,欣诺母婴专营店,http://shop108546962.taobao.com,对比后列表
9,新安怡折扣店,http://aventsale.taobao.com,对比后列表
12,d[s127460709],http://shop127460709.taobao.com/,对比后列表
14,大创网,http://www.949598.com,对比后列表
15,三门大创电子商务有限公司,http://smdc.j1w.cn/,对比后列表
17,三门大创电子商务有限公司,http://www.j1w.cn,对比后列表
19,台州拓润贸易有限公司,tztrmy.1688.com,对比后列表
20,三门县永彩电子商务有限公司,https://shop9176m26492590.1688.com,对比后列表
21,兔耳朵旗袍,http://shop569098040.taobao.com/,对比后列表
22,bohannon童装店,http://shop302955683.taobao.com/,对比后列表
27,远通交通设施厂,http://shop71386873.taobao.com/,对比后列表
28,三门县平通交通设施,http://shop150651264.taobao.com/,对比后列表
33,精品女装折扣阁,http://shop34872374.taobao.com/,对比后列表
34,壹媛style,http://shop118631497.taobao.com/,对比后列表
38,沙柳道岸头服务站,http://shop59210429.taobao.com/,对比后列表
40,创派旗舰店,http://shop105993828.taobao.com/,对比后列表
41,爆琦旗舰店,http://shop108543565.taobao.com,对比后列表
42,二郎神宠物服务中心,http://shop114954773.taobao.com/,对比后列表
45,唐风图书音像企业店,http://shop143467570.taobao.com/,对比后列表
46,国民美甲 花思蝶 1号店,http://shop124879157.taobao.com/,对比后列表
48,临海市锐诚贸易有限公司,http://shop237656672.taobao.com/,对比后列表
50,糖果果眼镜,http://shop128290312.taobao.com/,对比后列表
51,陌尼克官方眼镜店,http://shop127140441.taobao.com/,对比后列表
52,奥维堡工艺有限公司,http://shop149291162.taobao.com/,对比后列表
54,志新灯饰有限公司,http://shop150402497.taobao.com/,对比后列表
55,欧比特旗舰店,http://shop62706914.taobao.com,对比后列表
56,麦萌旗舰店,https://maieng.tmall.com,对比后列表
57,麦萌旗舰店,http://shop108475372.taobao.com,对比后列表
59,杰克法拉利旗舰店,http://shop116141119.taobao.com,对比后列表
60,临海市江南物流中心,http://www.lhs56.cn/chinese/profile.htm,对比后列表
61,临海市江南物流中心有限公司,http://www.lhs56.cn,对比后列表
63,前卫第一频道,http://shop150741018.taobao.com/,对比后列表
64,指尖狂想曲,https://shop1382979232162.1688.com/?spm=a2615.7691456.0.0.5391c86240euGO,对比后列表
65,临海市奥汀电子商务有限公司,shop1382979232162.1688.com,对比后列表
66,临海市奥汀电子商务有限公司,http://shop1382979232162.cn.1688.com,对比后列表
67,台州俊明贸易有限公司,https://jumeidengshi.1688.com,对比后列表
68,聚魅彩灯,http://shop143015093.taobao.com/,对比后列表
70,临海市珠港贸易有限公司,http://shop1450889597779.1688.com,对比后列表
71,Shero Wang 潮牌眼镜,http://shop145460637.taobao.com/,对比后列表
73,小恬家围巾PVKRL,http://shop155224390.taobao.com/,对比后列表
74,台州市凯宗贸易有限公司,https://shop457t715488498.1688.com,对比后列表
75,肯升 居家百货生活馆,http://shop152011804.taobao.com/,对比后列表
76,宸冉围巾,http://shop155818390.taobao.com/,对比后列表
77,临海市宸冉商贸有限公司,https://shop1461343180516.1688.com,对比后列表
79,LINGXUE 科技官方企业店,http://shop155764953.taobao.com/,对比后列表
80,临海市合骏贸易有限公司,http://shop1465923482646.1688.com,对比后列表
81,u[3234896795],http://shop511754139.taobao.com/,对比后列表
82,凯朵官方店,http://shop155569064.taobao.com/,对比后列表
83,刺鸟国际,http://shop156543236.taobao.com/,对比后列表
84,刺鸟国际,https://9588cn.taobao.com,对比后列表
85,不倒翁眼镜有限公司,http://shop162717689.taobao.com/,对比后列表
86,临海市不倒翁贸易有限公司,http://shop1466702170009.1688.com,对比后列表
89,临海市古贝商贸有限公司,shop1467998279505.1688.com,对比后列表
90,千和映画,http://shop116913118.taobao.com/,对比后列表
91,国民美甲 花思蝶,http://shop267724490.taobao.com/,对比后列表
92,希婷美甲城,http://shop418110546.taobao.com/,对比后列表
93,临海市茉达日用品有限公司,https://shop1490685927435.1688.com,对比后列表
94,百奇玩具电子商务,http://shop278100775.taobao.com/,对比后列表
95,帕斯达旗舰店,http://search.yhd.com/search/sid612964,对比后列表
96,帕斯达旗舰店,https://mall.jd.com/index-612964.html,对比后列表
97,利锐灯饰,http://shop278663695.taobao.com/,对比后列表
98,盗梦者眼镜商城,http://shop370861860.taobao.com/,对比后列表
99,DSD眼镜,http://shop311012741.taobao.com/,对比后列表
100,COLORAIN克劳瑞眼镜,http://shop235890700.taobao.com/,对比后列表
101,玛纪眼镜,http://shop354776673.taobao.com/,对比后列表
102,香葵电子商务有限公司,http://shop329222888.taobao.com/,对比后列表
103,led华亮灯饰,http://shop102115533.taobao.com/,对比后列表
104,贝陛拉儿童玩具,http://shop464900648.taobao.com/,对比后列表
105,台州熙海电子商务有限公司,https://shop1489129027861.1688.com,对比后列表
106,米澳达官方网店,http://shop558323673.taobao.com/,对比后列表
107,木兔饰品,http://shop242575746.taobao.com/,对比后列表
109,秀曼眼镜企业店,http://shop332564569.taobao.com/,对比后列表
110,丝杭围巾,http://shop462446735.taobao.com/,对比后列表
111,缘缘商贸,http://shop152648149.taobao.com/,对比后列表
112,小天使8888,http://shop62246108.taobao.com/,对比后列表
114,香港奢华品牌企业店,http://shop462063559.taobao.com/,对比后列表
115,Very greybeard眼镜店,http://shop490764304.taobao.com/,对比后列表
116,目老翁镜业,http://shop310942023.taobao.com/,对比后列表
118,眼镜工厂店,http://shop188290686.taobao.com/,对比后列表
119,左乙左眼镜,http://shop316893673.taobao.com/,对比后列表
125,火之凤创意美专卖店,http://shop166083757.taobao.com/,对比后列表
127,陪你走一杯子,http://shop162601076.taobao.com/,对比后列表
128,仙居县木乐西电子商务有限公司,http://shop1466096474113.1688.com,对比后列表
129,艾玛咪2015,https://shop136634579.taobao.com,对比后列表
130,东祺化妆品专营店,http://search.yhd.com/search/sid84105,对比后列表
131,东祺化妆品专营店,https://mall.jd.com/index-84105.html,对比后列表
132,菲姿蔓妮旗舰店,http://shop422380394.taobao.com/,对比后列表
133,魔香东祺专卖店,http://shop220971794.taobao.com/,对比后列表
134,琴叶东祺专卖店,http://shop267489485.taobao.com/,对比后列表
135,闪钻东祺专卖店,http://shop224322860.taobao.com/,对比后列表
138,法利安花生米专卖店,http://shop120622471.taobao.com,对比后列表
139,宝马BMW音响升级,http://shop72939700.taobao.com/,对比后列表
140,楚俏萌美妆,http://shop144438209.taobao.com/,对比后列表
141,台州市韩御电子商务有限公司,http://www.tzhanyu.com,对比后列表
143,典栈旗舰店,http://shop199089233.taobao.com/,对比后列表
145,堂堂汽车用品专营店,http://search.yhd.com/search/sid57162,对比后列表
146,堂堂车品专营店,http://search.yhd.com/search/sid78897,对比后列表
147,逸车宝旗舰店,http://search.yhd.com/search/sid117636,对比后列表
148,堂堂汽车用品专营店,https://mall.jd.com/index-57162.html,对比后列表
149,堂堂车品专营店,https://mall.jd.com/index-78897.html,对比后列表
150,逸车宝旗舰店,https://mall.jd.com/index-117636.html,对比后列表
151,哥锐达堂堂专卖店,http://shop110450652.taobao.com,对比后列表
152,山竹车品店,http://shop126185387.taobao.com/,对比后列表
153,麦卡尔车饰,http://shop190089451.taobao.com/,对比后列表
155,台州伊甸园电子商务有限公司,shop1443459354318.1688.com,对比后列表
156,汐美子旗舰店,http://shop254635092.taobao.com,对比后列表
157,卡维娜的秘密,https://shop145914115.taobao.com,对比后列表
158,我和家居精品店,http://shop57942522.taobao.com/,对比后列表
160,博姚车品店,http://shop381244905.taobao.com/,对比后列表
161,嗳噢汽车用品,http://shop363656949.taobao.com/,对比后列表
162,布瑞汽车用品专营店,http://search.yhd.com/search/sid675507,对比后列表
163,布瑞汽车用品专营店,https://mall.jd.com/index-675507.html,对比后列表
164,佳秀鸿祥车饰车品,http://shop410697929.taobao.com/,对比后列表
166,台州汇爱电子商务有限公司,https://shop667540gg95027.1688.com,对比后列表
167,子粥鑫车品专营店,http://search.yhd.com/search/sid694890,对比后列表
168,子粥鑫运动户外专营店,http://search.yhd.com/search/sid713955,对比后列表
169,子粥鑫车品专营店,https://mall.jd.com/index-694890.html,对比后列表
170,子粥鑫运动户外专营店,https://mall.jd.com/index-713955.html,对比后列表
171,卓硕箱包旗舰店,http://search.yhd.com/search/sid590740,对比后列表
172,阳光美包旗舰店,http://search.yhd.com/search/sid39469,对比后列表
173,卓硕箱包旗舰店,https://mall.jd.com/index-590740.html,对比后列表
174,芊荨女包,http://shop.mogujie.com/1hwpa/index?from=search_shop&shopapptag=atscommon,对比后列表
175,阳光美包旗舰店,https://mall.jd.com/index-39469.html,对比后列表
177,顶能电子电器,http://shop34890541.taobao.com/,对比后列表
179,阿妈家居生活馆,http://shop152763621.taobao.com/,对比后列表
181,台州市椒江学志贸易有限公司,http://shop1440002907949.1688.com,对比后列表
182,凡客女鞋企业店,http://shop130292945.taobao.com/,对比后列表
183,ZR家居生活馆,http://shop136195551.taobao.com/,对比后列表
184,泰澄博云澄专卖店,http://shop189598475.taobao.com/,对比后列表
185,泰澄博云澄专卖店,http://taichengbyc.tmall.com,对比后列表
186,IMAYCOOL眼镜店,http://shop149628572.taobao.com/,对比后列表
187,宫墨亚麻布鞋,http://shop159449332.taobao.com/,对比后列表
188,左右太极,http://shop156626142.taobao.com/,对比后列表
191,磊都母婴专营店,http://search.yhd.com/search/sid697768,对比后列表
192,磊都母婴专营店,https://mall.jd.com/index-697768.html,对比后列表
193,马特生活家居店,http://shop152362081.taobao.com/,对比后列表
194,台州市马特生活贸易有限公司,https://mattlife.1688.com,对比后列表
195,台州华众网络科技有限公司,https://beible.1688.com,对比后列表
196,宸苏母婴专营店,http://shop66146194.taobao.com/,对比后列表
198,宸苏母婴专营店,http://chensumy.tmall.com,对比后列表
199,纹彩之绘官方销售店,http://shop142214306.taobao.com/,对比后列表
200,台州市椒江优品库电子商务商行,http://youpinku88.1688.com,对比后列表
201,小毛妈妈日本代购,http://shop105585106.taobao.com/,对比后列表
202,缘味零食,http://shop63588710.taobao.com/,对比后列表
205,佳兴汽车用品专营店,http://search.yhd.com/search/sid196867,对比后列表
206,佳兴汽车用品专营店,https://mall.jd.com/index-196867.html,对比后列表
207,老垫家佳兴专卖店,http://search.yhd.com/search/sid206713,对比后列表
208,老垫家佳兴专卖店,https://mall.jd.com/index-206713.html,对比后列表
209,金海狐旗舰店,http://shop102245609.taobao.com,对比后列表
210,维普旗舰店,http://shop106190277.taobao.com/,对比后列表
211,cartion卡迩森旗舰店,http://shop105994210.taobao.com,对比后列表
212,极之鲜食品专营店,http://shop103604908.taobao.com,对比后列表
214,宏悦鞋类专营店,http://shop104188988.taobao.com,对比后列表
215,金伯利服饰专营店,http://shop105859506.taobao.com,对比后列表
216,首页-慕云贝恩-淘宝网,http://shop115978811.taobao.com/,对比后列表
217,无法获取,http://mall.yhd.com/index-605380.html,对比后列表
218,金麦子成人用品专营店,https://mall.jd.com/index-605380.html,对比后列表
219,松建汽车用品专营店,http://shop110483254.taobao.com,对比后列表
221,千千亲汽车用品专营店,http://shop112651992.taobao.com,对比后列表
222,温岭超炫专营店,http://mall.yhd.com/index-72378.html,对比后列表
223,温岭超炫专营店,https://mall.jd.com/index-72378.html,对比后列表
224,锦亿车品专营店,http://shop111687372.taobao.com,对比后列表
225,温岭市远征商贸有限公司,http://smallmake.1688.com,对比后列表
226,温岭市远征商贸有限公司,http://shop1399568431766.1688.com,对比后列表
227,moxxy旗舰店,http://shop163537804.taobao.com/,对比后列表
228,宛如佳人旗舰店,http://shop430518129.taobao.com/,对比后列表
229,店铺浏览-淘宝网,http://shop121021625.taobao.com/,对比后列表
230,首页-鮀品 墨斗先生-淘宝网,http://shop449455646.taobao.com/,对比后列表
231,三和购物网,http://shgw365.com/,对比后列表
233,小魔狗旗舰店,http://shop114634472.taobao.com/,对比后列表
234,首页-美家灯具照明馆-淘宝网,http://shop128665004.taobao.com/,对比后列表
235,温岭市天塑贸易有限公司,https://shop1463989507956.1688.com,对比后列表
236,塑艺塑官方店,http://shop141554399.taobao.com/,对比后列表
237,法利安品车坊专卖店,http://shop290370555.taobao.com,对比后列表
238,eef女鞋,http://shop.mogujie.com/1172upnc/index?from=search_shop&shopapptag=atscommon,对比后列表
239,优路客旗舰店,http://shop114085610.taobao.com/,对比后列表
241,温岭市骏博贸易有限公司,shop1413045743500.1688.com,对比后列表
242,台州谨崧贸易有限公司,https://shop31707yyp43579.1688.com,对比后列表
243,温岭环亚,http://www.wlhuanya.icoc.cc/,对比后列表
244,manwanwalk旗舰店,http://shop114604328.taobao.com,对比后列表
245,浙江云卡信息技术有限公司,http://www.987987987.com,对比后列表
246,活能卡酷专卖店,http://shop165883739.taobao.com/,对比后列表
247,叭叭猫旗舰店,http://shop394758369.taobao.com/,对比后列表
248,金品车饰厂家直销,http://shop101383373.taobao.com/,对比后列表
249,悠然映画,http://shop314856868.taobao.com/,对比后列表
250,温岭梦佰莎鞋业有限公司,shop1418921086958.1688.com,对比后列表
251,汇合母婴专营店,http://mall.yhd.com/index-594560.html,对比后列表
252,汇合母婴专营店,https://mall.jd.com/index-594560.html,对比后列表
253,首页-d[s35042652]-淘宝网,http://shop35042652.taobao.com/,对比后列表
254,温岭高达电子商务有限公司,https://15168689199.1688.com,对比后列表
255,首页-306CNC数控-淘宝网,http://shop36954164.taobao.com/,对比后列表
257,美彩丽旗舰店,http://shop490093581.taobao.com/,对比后列表
258,含薇旗舰店,http://shop313956134.taobao.com/,对比后列表
259,新起点女鞋铺,http://shop130557495.taobao.com/,对比后列表
262,铃朝全球购,http://shop57923736.taobao.com/,对比后列表
263,首页-小黑膏官方店-淘宝网,http://shop136949407.taobao.com/,对比后列表
264,曼迪蜜莉旗舰店,http://shop100456694.taobao.com,对比后列表
265,博聪网,http://www.boedl.com/,对比后列表
266,瑞人堂大药房旗舰店,http://mall.yhd.com/index-709684.html,对比后列表
267,瑞人堂大药房旗舰店,https://mall.jd.com/index-709684.html,对比后列表
268,瑞人堂店铺,http://shop70414750.taobao.com/,对比后列表
269,瑞人堂大药房旗舰店,http://shop109760622.taobao.com,对比后列表
270,瑞人堂大药房旗舰店,https://rrtdyf.tmall.com,对比后列表
272,同济大药房许氏 石斛,http://shop60766505.taobao.com/,对比后列表
273,美美淘品,http://www.mmgg.com,对比后列表
275,kineve旗舰店,http://shop58905110.taobao.com/,对比后列表
279,三和购物网,http://www.57ccd.com,对比后列表
280,台州臻皓电子商务有限公司,zhenhaoshoes.1688.com,对比后列表
281,蘑菇云母婴旗舰店,https://m.beibei.com/n/product/shop.html?sid=45312837,对比后列表
282,蘑菇云母婴旗舰店,http://shop.mogujie.com/1172qmm2/index?from=search_shop&shopapptag=atscommon,对比后列表
284,涵涵同学童鞋店,http://shop142546439.taobao.com/,对比后列表
285,首页-d[s144129822]-淘宝网,http://shop144129822.taobao.com/,对比后列表
286,台州馨中亚贸易有限公司,http://shop1449680109186.1688.com,对比后列表
288,娅玛妮贝贝童鞋,http://shop145199096.taobao.com/,对比后列表
289,唯唯原创女鞋,http://shop.mogujie.com/1172uf4m/index?from=search_shop&shopapptag=atscommon,对比后列表
291,潮有范女鞋,http://shop144965047.taobao.com/,对比后列表
293,帕蔓妮休闲小铺,http://shop.mogujie.com/1172uesw/index?from=search_shop&shopapptag=atscommon,对比后列表
294,首页-SHILIJIEAN-淘宝网,https://shop440256370.taobao.com,对比后列表
295,塑東铺,http://shop155629075.taobao.com/,对比后列表
296,炎黄潮流女鞋集团,http://shop342658883.taobao.com/,对比后列表
297,宁璐童鞋馆,http://shop151774493.taobao.com/,对比后列表
298,温岭市倾炜电子商务有限公司,https://shop1462612715529.1688.com,对比后列表
299,首页-d[s159547477]-淘宝网,http://shop159547477.taobao.com/,对比后列表
300,凌兵机电企业店,http://shop449768392.taobao.com/,对比后列表
304,奀奀童鞋铺,http://shop136394846.taobao.com/,对比后列表
305,格格精品时尚女鞋坊,http://shop162202561.taobao.com/,对比后列表
306,艾美丹妮,http://shop163003786.taobao.com/,对比后列表
307,台州淘又淘电子商务有限公司,shop1477586779518.1688.com,对比后列表
308,首页-d[s165794766]-淘宝网,http://shop165794766.taobao.com/,对比后列表
309,金飞猴童鞋企业店,http://shop477359145.taobao.com/,对比后列表
310,景岚汇鞋业企业店铺,http://shop165858641.taobao.com/,对比后列表
312,温岭麦粒电子商务有限公司,http://shop1467738715159.1688.com,对比后列表
314,首页-d[s544269521]-淘宝网,http://shop544269521.taobao.com/,对比后列表
316,wowo莹莹家,http://shop.mogujie.com/1cxp2m/index?from=search_shop&shopapptag=atscommon,对比后列表
317,卡苒苒女鞋,http://shop244760137.taobao.com/,对比后列表
318,兰琳卡企业店铺,http://shop594261137.taobao.com/,对比后列表
319,卡利鸟旗舰店,http://shop499131813.taobao.com/,对比后列表
320,楷姿旗舰店,http://shop366586511.taobao.com/,对比后列表
321,温岭和馨电子商务有限公司,http://shop1473353117863.1688.com,对比后列表
322,台州市毕辉贸易有限公司,https://shop1488819294059.1688.com,对比后列表
323,首页-二宝女鞋-淘宝网,http://shop192201332.taobao.com/,对比后列表
324,鞋爱潮鞋,http://shop141627155.taobao.com/,对比后列表
325,首页-瑶瑶保健品企业店-淘宝网,http://shop130217666.taobao.com/,对比后列表
326,克拉恋人女鞋,http://shop467595930.taobao.com/,对比后列表
327,首页-木棉外贸潮品-淘宝网,http://shop188105286.taobao.com/,对比后列表
328,萌宝潮童精品童装,http://shop322145363.taobao.com/,对比后列表
329,温岭市贝比童电子商务有限公司,https://shop66kf300719681.1688.com,对比后列表
330,呆萌兔工厂店,http://shop333431712.taobao.com/,对比后列表
331,店铺浏览-淘宝网,http://shop556991584.taobao.com/,对比后列表
332,首页-迎丰鞋业1688专卖店-淘宝网,http://shop521668387.taobao.com/,对比后列表
334,敬亭生活馆,http://shop326106718.taobao.com/,对比后列表
335,砚升贸易,http://shop190759262.taobao.com/,对比后列表
336,首页-d[s281518255]-淘宝网,http://shop281518255.taobao.com/,对比后列表
338,谋生谋爱私人衣橱,http://shop497287911.taobao.com/,对比后列表
339,台州特产美食,http://shop59452965.taobao.com/,对比后列表
340,温岭市新河荣恩电子商务商行,https://rongenfushi.1688.com,对比后列表
341,首页-倪姐休闲零食铺-淘宝网,http://shop65362016.taobao.com/,对比后列表
342,乐记铺子,http://shop101883631.taobao.com/,对比后列表
343,温岭市大溪菲慕百货贸易商行,ferrmo.1688.com,对比后列表
344,温岭市滨海伊兰日用品商行,elanpifa.1688.com,对比后列表
345,温岭市大溪小猴皮鞋店,http://shop1434474583943.1688.com,对比后列表
346,安妮妈咪の日本代购,http://shop59820453.taobao.com/,对比后列表
347,李星辰,tianmeihui.1688.com,对比后列表
348,日本U酱,http://shop60299805.taobao.com/,对比后列表
349,台州雅韵贸易商行,http://shop135693674.taobao.com/,对比后列表
351,CHI汉日本代购,http://shop125038364.taobao.com/,对比后列表
353,台州千羽贸易商行,http://shop523462720.taobao.com/,对比后列表
355,tcl时创专卖店,http://shop110481793.taobao.com,对比后列表
356,格兰仕玉环时创专卖店,http://shop111137627.taobao.com/,对比后列表
357,TCL时创专卖店,https://tclsc.tmall.com,对比后列表
359,玉环文旦直销店,http://shop72172847.taobao.com/,对比后列表
360,台州佳锦特产,http://shop127704762.taobao.com/,对比后列表
361,玉环文旦直销店,https://yuhuanyou.taobao.com,对比后列表
362,圣欧服饰专营店,http://search.yhd.com/search/sid148441,对比后列表
363,圣欧服饰专营店,https://mall.jd.com/index-148441.html,对比后列表
364,鑫逸渔具店,http://shop140463467.taobao.com/,对比后列表
365,德博特运动户外,http://shop140411683.taobao.com/,对比后列表
366,漫步小贝童鞋,http://shop281298349.taobao.com/,对比后列表
367,聚乐惠一站购物,http://shop145655412.taobao.com/,对比后列表
368,贝驰时尚童鞋,http://shop148029852.taobao.com/,对比后列表
370,youth欢乐颂,http://shop159402682.taobao.com/,对比后列表
373,绿众居家鞋业,http://shop433499296.taobao.com/,对比后列表
374,蓝妃服饰,http://shop313754379.taobao.com/,对比后列表
375,潮秘书,http://shop.mogujie.com/1o7dcq/index?from=search_shop&shopapptag=atscommon,对比后列表
376,咔啦啦英国海购,http://shop336178771.taobao.com/,对比后列表
377,德牛官方工厂店,http://shop193901172.taobao.com/,对比后列表
378,云谷点亮生活,http://shop568848898.taobao.com/,对比后列表
379,居家足尚,http://shop166603076.taobao.com/,对比后列表
380,nevenka尼雯卡旗舰店,http://shop108850273.taobao.com/,对比后列表
381,台州市浙商电子商务有限公司,http://bsal88.1688.com,对比后列表
383,台州锦恒电子商务有限公司,http://shop1463244381751.1688.com,对比后列表
384,锐鹿车品企业店,http://shop162275025.taobao.com/,对比后列表
385,MJIN潮流精选,https://shop109238800.taobao.com,对比后列表
386,欧慕莎鞋类专营店,http://shop110038791.taobao.com,对比后列表
387,OMXA,http://shop291810160.taobao.com/,对比后列表
388,台州欧慕莎电子商务有限公司,http://omsxl.tmall.com,对比后列表
389,台州欧慕莎电子商务有限公司,shop1405399511214.1688.com,对比后列表
390,台州市道馨电子商务有限公司,http://shop1396371211681.1688.com,对比后列表
392,台州市杭泽鞋业有限公司,http://ali12345.1688.com,对比后列表
393,台州市杭泽鞋业有限公司,hangzexieye.1688.com,对比后列表
394,台州市杭泽电子商务有限公司,http://shop1411624394735.1688.com,对比后列表
395,台州市杭泽电子商务有限公司,http://shop1406134770707.1688.com,对比后列表
396,台州市杭泽电子商务有限公司,hangze1688.1688.com,对比后列表
397,雅琪汽车用品专营店,http://shop155664066.taobao.com/,对比后列表
398,花美人官方旗舰店,http://search.yhd.com/search/sid593282,对比后列表
399,花美人官方旗舰店,https://mall.jd.com/index-593282.html,对比后列表
400,花美人鲜花品牌店,http://shop129424215.taobao.com/,对比后列表
401,一灸瘦直销店,http://shop116731611.taobao.com/,对比后列表
402,希希林保健品专营店,http://shop155275896.taobao.com/,对比后列表
403,1981法国奢品店,http://shop103939869.taobao.com/,对比后列表
405,秋语花卉旗舰店,http://shop540123536.taobao.com/,对比后列表
407,野博生活之家体验店,http://shop442355712.taobao.com/,对比后列表
408,台州野博网络科技有限公司,http://www.0576cc.net,对比后列表
409,芝年堂健康滋补养生,http://shop403990786.taobao.com/,对比后列表
411,台州市小樱电子商务有限公司,https://shop133g9u09p4540.1688.com,对比后列表
412,小掌萌萌品牌店,http://shop451058674.taobao.com/,对比后列表
413,台州市路桥亿唯森电子商务商行,https://shop67z687583j072.1688.com,对比后列表
414,台州市路桥奥瑞电子商务商行,http://shop1445603658784.1688.com,对比后列表
415,台州市路桥奥瑞电子商务商行,http://enda1828533553.1688.com,对比后列表
416,台州市路桥奥瑞电子商务商行,cnenda.1688.com,对比后列表
417,南方中医养生馆总店,http://shop33428468.taobao.com/,对比后列表
418,fashsee旗舰店,http://shop103211293.taobao.com/,对比后列表
419,台州市黄岩尊雄电子商务有限公司,http://shop1463676776754.1688.com,对比后列表
420,克曼丝旗舰店,https://m.beibei.com/n/product/shop.html?sid=16940910,对比后列表
421,克曼丝官方旗舰店,http://search.yhd.com/search/sid160775,对比后列表
422,克曼丝官方旗舰店,https://mall.jd.com/index-160775.html,对比后列表
424,克曼丝旗舰店,http://shop166194376.taobao.com/,对比后列表
425,台州市黄岩天策鞋服贸易有限公司,http://tiancexf.1688.com,对比后列表
426,Nutcracker family,http://shop141365283.taobao.com/,对比后列表
427,树先生男装店,http://shop131087166.taobao.com/,对比后列表
429,宅集购家居专营店,http://search.yhd.com/search/sid95766,对比后列表
430,宅集购家居专营店,https://mall.jd.com/index-95766.html,对比后列表
431,枚集旗舰店,http://shop389486408.taobao.com/,对比后列表
433,枚集家居旗舰店,http://shop462064841.taobao.com/,对比后列表
434,宅集购家居专营店,http://shop113496662.taobao.com,对比后列表
435,密斯家 Mieshome 原创家居,http://shop121310438.taobao.com/,对比后列表
436,宅集购专营店,http://www.3b3k.com,对比后列表
437,润优母婴专营店,http://shop113618409.taobao.com/,对比后列表
438,台州市润优商贸有限公司,https://shop1432140798049.1688.com,对比后列表
439,台州润优母婴专营店,http://shop116124556.taobao.com,对比后列表
440,纱绫祥腾专卖店,http://shop113926747.taobao.com/,对比后列表
441,苹果手机义乌体验店,http://shop126800106.taobao.com/,对比后列表
442,台州市黄岩秋月年华贸易有限公司,https://shop1403197056809.1688.com,对比后列表
443,优世特家居自营店,http://shop124530901.taobao.com/,对比后列表
444,台州途金电子商务有限公司,http://tztujin.1688.com,对比后列表
445,台州途金电子商务有限公司,http://shop1429030554272.1688.com,对比后列表
446,加西亚服饰旗舰店,http://shop112339350.taobao.com,对比后列表
447,浙江正果商贸有限公司,http://iloveyou.1688.com,对比后列表
448,浙江正果商贸有限公司,meyoudo.1688.com,对比后列表
449,浙江正果商贸有限公司,http://shop1429098077378.1688.com,对比后列表
450,缘来日用家居,http://shop129960013.taobao.com/,对比后列表
451,欧吕家居专营店,http://mall.yhd.com/index-627999.html,对比后列表
452,欧吕家居专营店,https://mall.jd.com/index-627999.html,对比后列表
454,台州市欧吕商贸有限公司,https://shop1451063291788.1688.com,对比后列表
455,台州市欧吕商贸有限公司,https://shop1448988397768.1688.com,对比后列表
457,诗俪妮手工皮具,http://shop386857404.taobao.com/,对比后列表
458,台州市摩尚丽贸易有限公司,https://shop1455641189790.1688.com,对比后列表
460,宏仁鞋馆,http://shop63073740.taobao.com/,对比后列表
461,台州市柒浦贸易有限公司,https://qipumaoyi.1688.com,对比后列表
462,台州市莎尼电子商务有限公司,https://shop1458579695605.1688.com,对比后列表
463,娇丰时尚韩版女鞋,http://shop416750264.taobao.com/,对比后列表
464,台州市菱奇电子商务有限公司,http://ailingqi.1688.com,对比后列表
465,十尚女鞋,http://shop102790317.taobao.com/,对比后列表
466,台州市黄岩霸轩鞋业有限公司,http://shop1459267860128.1688.com,对比后列表
471,台州市沐橙鞋业有限公司,https://shop1458838210993.1688.com,对比后列表
472,台州市臻若贸易有限公司,shop1467133619559.1688.com,对比后列表
473,恒乾企业店铺,http://shop279563464.taobao.com/,对比后列表
474,免费试穿丶体验店,http://shop117250010.taobao.com/,对比后列表
475,蓓妮时尚潮品女鞋,http://shop128449577.taobao.com/,对比后列表
476,免费试穿丶运险我出,http://shop103626252.taobao.com/,对比后列表
477,台州市独利贸易有限公司,https://shop1478710300075.1688.com,对比后列表
478,物恋网,http://www.11wlw.com,对比后列表
479,慕宝汽车用品专营店,http://shop229343797.taobao.com/,对比后列表
480,彩阔童鞋专营店,http://search.yhd.com/search/sid674177,对比后列表
481,彩阔童鞋专营店,https://mall.jd.com/index-674177.html,对比后列表
483,连心娃玩具旗舰店,http://shop112294185.taobao.com/,对比后列表
484,台州凯蓉格塑料制品有限公司,https://shop091p5698w56a7.1688.com,对比后列表
485,台州珍缔贸易有限公司,https://shop500e7461407t6.1688.com,对比后列表
486,台州珍缔贸易有限公司,https://zhendishoes.1688.com,对比后列表
487,台州悦梵贸易有限公司,https://shop614569dw46215.1688.com,对比后列表
488,台州市芮娜贸易有限公司,https://ruinamaoyi.1688.com,对比后列表
490,d[s57153073],http://shop57153073.taobao.com/,对比后列表
491,台州市黄岩弈翔贸易商行,shop1397753773114.1688.com,对比后列表
492,台州市黄岩湖锦贸易商行,shop1406047986374.1688.com,对比后列表
493,台州市黄岩旭皓贸易商行,https://www.1688.com,对比后列表
494,台州市黄岩吖吖贸易商行,http://yaya888.1688.com,对比后列表
495,台州市黄岩吖吖贸易商行,shop1415378477578.1688.com,对比后列表
2,临海市奥汀电子商务有限公司,https://shop1382979232162.1688.com/,线下核查列表
3,满分美甲店,http://shop108017583.taobao.com/,线下核查列表
5,可爱叮咚美甲店,https://shop110190326.taobao.com/search.htm?spm=2013.1.w5001-18825861125.3.1cf43f48YgoChX&search=y&scene=taobao_shop,线下核查列表
6,妞妞时尚美妆工厂,https://shop163127659.taobao.com/,线下核查列表
7,Domybear多米小熊旗舰店,http://shop141655017.taobao.com,线下核查列表
9,美瞳精品百货,http://shop73411512.taobao.com/,线下核查列表
10,侯美娥,https://shop1383324886443.1688.com,线下核查列表
11,曼女郎美妆用品店,http://shop108106611.taobao.com/,线下核查列表
12,QS倾世美颜化妆品批发,http://shop155833504.taobao.com/,线下核查列表
14,希婷美甲城,http://shop418110546.taobao.com/,线下核查列表
15,台州市黄岩湖锦贸易商行,https://shop1406047986374.1688.com/,线下核查列表
16,仙居县喜禾禾电子商务有限公司,https://yaopp5217.1688.com,线下核查列表
17,仙居县喜禾禾电子商务有限公司,http://shop1388750174236.1688.com,线下核查列表
20,火之凤创意美专卖店,http://shop166083757.taobao.com/,线下核查列表
22,陪你走一杯子,http://shop162601076.taobao.com/,线下核查列表
23,仙居县木乐西电子商务有限公司,http://shop1466096474113.1688.com,线下核查列表
24,台州雅韵贸易商行,http://shop135693674.taobao.com,线下核查列表
24,瑞人堂大药房旗舰店,http://rrtdyf.tmall.com,线下核查列表
25,奈良美妆NARA,http://shop71168891.taobao.com,线下核查列表
26,博鲨化妆品专营店,http://bshzp.tmall.com,线下核查列表
27,,http://shop1441126327860.1688.com,线下核查列表
28,温岭市滨海伊兰日用品商行,elanpifa.1688.com,线下核查列表
29,安妮妈咪の日本代购,http://shop59820453.taobao.com/,线下核查列表
30,日本U酱,http://shop60299805.taobao.com/,线下核查列表
31,CHI汉日本代购,http://shop125038364.taobao.com/,线下核查列表
32,瑞人堂大药房旗舰店,http://mall.yhd.com/index-709684.html,线下核查列表
33,瑞人堂大药房旗舰店,https://mall.jd.com/index-709684.html,线下核查列表
34,温岭市大溪菲慕百货贸易商行,ferrmo.1688.com,线下核查列表
35,乐记铺子,http://shop101883631.taobao.com/,线下核查列表
36,台州千羽贸易商行,http://shop523462720.taobao.com/,线下核查列表
37,博聪网,http://www.boedl.com/,线下核查列表
39,三和购物网,http://shgw365.com/,线下核查列表
40,珂慕纳官方旗舰店,https://kemuna.1688.com/,线下核查列表
41,台州市路桥华德胶粘剂厂,https://shop1463158641469.1688.com/,线下核查列表
42,付爱宝旗舰店,https://fuaibao.jd.com/,线下核查列表
44,益欣旗舰店,https://yixinrihua.tmall.com/,线下核查列表
