62,周四家泰国代购,http://shop57769414.taobao.com
92,iPLAYiBOY,http://shop103820224.taobao.com
158,本日日本购,http://shop36524996.taobao.com
256,心悦护肤馆,http://shop35796044.taobao.com
258,棒棒糖购购购海淘小站,http://shop69696219.taobao.com
261,豆子丸子の麻麻海外淘,http://shop61116124.taobao.com
265,顺富化妆品商行,http://shop60007464.taobao.com
346,太子妃日淘,http://shop108598333.taobao.com
347,子悦君愿小百货,http://shop36848457.taobao.com
397,小蔡日韩人肉代购,http://shop124421161.taobao.com
406,莹子小铺,http://shop61746649.taobao.com
443,可爱叮咚美甲店,http://shop110190326.taobao.com
454,小蔚美甲彩妆,http://shop64116019.taobao.com
518,辣妈LL  全球代购,http://shop36997103.taobao.com
550,璐璐丫头日妆代购店,http://shop34908535.taobao.com
554,淘香岛正品试管香水店,http://shop33572226.taobao.com
560,奈良美妆NARA BEAUTY,http://shop71168891.taobao.com
561,唯美仙子美妆屋,http://shop108724644.taobao.com
675,蒲公英の流浪,http://shop57071324.taobao.com
712,桃花源记  小Z,http://shop36444427.taobao.com
813,红地球 U2B 专柜正品,http://shop36395481.taobao.com
917,小牛牛大康康の家,http://shop36403757.taobao.com
944,有女如茶有机护肤馆,http://shop145959280.taobao.com
946,韩妆缘美妆店,http://shop33663865.taobao.com
969,TT Home 天天家小铺,http://shop59405520.taobao.com
1053,千变小巫 7月7日至17日店主在韩国只接单不发货,http://shop34618999.taobao.com
1061,米爱娜,http://shop64315006.taobao.com
1074,呛口欧尼,http://shop110206652.taobao.com
1076,花果汁韩妆联盟,http://shop71715141.taobao.com
1137,韩后美妆精品店,http://shop121818069.taobao.com
1194,琳琳美人美妆,http://shop35303707.taobao.com
1375,瑞哥领队代购,http://shop66735301.taobao.com
1474,性感U物,http://shop71340447.taobao.com
1475,莎魔女De小铺,http://shop35951374.taobao.com
1484,AOKI日本,http://shop68948829.taobao.com
1542,飞旋电器,http://shop33339328.taobao.com
1667,时尚vs物美价廉,http://shop59345855.taobao.com
1685,shop 煌玛纹身纸 防水防汗纹身贴纸批发,http://shop34140374.taobao.com
1818,小饼干首尔代购,http://shop124500853.taobao.com
1819,凔恩の韩货代购小铺,http://shop36721658.taobao.com
1848,小董的黑色柳丁,http://shop36221632.taobao.com
1864,笑笑美颜,http://shop61270359.taobao.com
1875,vito发型师装备,http://shop61142564.taobao.com
1893,兔小维美妆代购25号飞韩国,http://shop35482521.taobao.com
1896,喵咖啡CatCoffee代购,http://shop36908378.taobao.com
1988,韩妆 只做正品,http://shop36362406.taobao.com
1995,小君化妆品店,http://shop33375093.taobao.com
2001,懒人国,http://shop70697111.taobao.com
2011,IVY巴厘岛特色小铺,http://shop64826779.taobao.com
2266,彩妆世界tz,http://shop34970433.taobao.com
2269,泡泡美妆馆,http://shop69242924.taobao.com
2299,章鱼君Octopus生活馆,http://shop60681001.taobao.com
2404,姐弟日本代购正品店,http://shop34345707.taobao.com
2440,圣女果的日代小店,http://shop112408591.taobao.com
2655,一品台湾家洗护养发馆,http://shop60730214.taobao.com
2661,1983纹身贴,http://shop57978973.taobao.com
2663,大丫头美国彩妆馆,http://shop36886708.taobao.com
2737,全新二手数码配件,http://shop36474948.taobao.com
2746,Alice艾丽丝美妆小铺,http://shop36192397.taobao.com
2756,数码家电系列,http://shop64440260.taobao.com
2846,家有两千金海淘小站,http://shop61671366.taobao.com
2908,百分百海淘小铺,http://shop58346310.taobao.com
2977,Yuri海外良品,http://shop106052545.taobao.com
3151,纹身贴纸批发 零售,http://shop64241884.taobao.com
3215,苹果纹身贴纸批发零售,http://shop63497284.taobao.com
3217,纹彩纹身贴纸店,http://shop35905073.taobao.com
3246,瓷肌正品LOve,http://shop118021283.taobao.com
3282,Love米可,http://shop60053509.taobao.com
3306,宇宇美妆,http://shop34742500.taobao.com
3404,鸿鼎美容美发用品商行,http://shop59143491.taobao.com
3442,爱艺小艺代购,http://shop64642059.taobao.com
3468,青春小铺好好生活,http://shop34939313.taobao.com
3478,KING纹身贴,http://shop63692149.taobao.com
3617,百合小姐的欧洲小铺,http://shop120297013.taobao.com
3664,羽靓日用品,http://shop102871673.taobao.com
3779,蜜思周家的SHOP,http://shop101659157.taobao.com
3820,快乐小鱼hy私家推荐,http://shop33739808.taobao.com
3877,快乐元素生活馆,http://shop34238477.taobao.com
3918,华佗杀菌古皂－－椒江,http://shop33609197.taobao.com
4000,又又家的小铺,http://shop100225738.taobao.com
4017,MissZhang张馨予品牌店,http://shop102944622.taobao.com
4073,菜菜家网红同款,http://shop61381700.taobao.com
4109,面膜美妆小铺,http://shop67097127.taobao.com
4112,狐狸之城美妆服饰百货商城,http://shop34863970.taobao.com
4209,美美 MM 美妆小铺,http://shop34735273.taobao.com
4219,女主角美甲明星店铺,http://shop36590862.taobao.com
4220,小茜美妆0606,http://shop60588332.taobao.com
4221,梳妆台的饰界,http://shop57915877.taobao.com
4375,木子美妆工作室,http://shop65593653.taobao.com
4456,空气甜甜的法国,http://shop115006517.taobao.com
4533,温岭市恒祥医疗塑业,http://shop67849657.taobao.com
4610,宁宁晴庄,http://shop58913763.taobao.com
4664,伊秀美妆化妆品批发商行,http://shop62017615.taobao.com
4671,POPO美妆小铺,http://shop71555679.taobao.com
4757,萌小歆全球购,http://shop34405373.taobao.com
4812,异绣堂纹身器材,http://shop117091397.taobao.com
4820,护肤品女鞋店,http://shop66807525.taobao.com
4822,玛莎妮娜美妆铺,http://shop114525854.taobao.com
4836,馨樂園迷你试管香水,http://shop37079886.taobao.com
4868,哎呦不错世界风,http://shop114570166.taobao.com
4932,水肤梦DIY,http://shop33924164.taobao.com
4958,linmin美妆颜蔻浙江店,http://shop36715536.taobao.com
5098,迷雾森林の香薰芳疗,http://shop66893229.taobao.com
5143,心源伊家,http://shop34915401.taobao.com
5194,听听PROMISE,http://shop69267200.taobao.com
5361,观颜体验店,http://shop72912081.taobao.com
5430,美妆店1,http://shop126266350.taobao.com
5435,精灵霸道女王,http://shop105525065.taobao.com
5460,韩妆正品名品店,http://shop108828431.taobao.com
5618,SASA韩国专业代购,http://shop59608166.taobao.com
5661,跳跳麻麻日韩代购,http://shop108624138.taobao.com
5668,面面面的店,http://shop62577950.taobao.com
5678,zk全球购精品代购,http://shop64787480.taobao.com
5719,SIN家,http://shop67662718.taobao.com
5726,嗨淘气猫,http://shop58764738.taobao.com
6288,37度品味批发零售,http://shop35308306.taobao.com
6384,狠狠爱自己258美丽,http://shop35001817.taobao.com
6517,家乐美妆一号店,http://shop121304605.taobao.com
6550,lucy海外人肉代购,http://shop58201999.taobao.com
6593,乐宝的小小铺,http://shop36573054.taobao.com
6946,正品名牌美发产品批发美发工具批发,http://shop64258757.taobao.com
7128,鑫来塑料家居用品店,http://shop60851938.taobao.com
7364,天绣彩妆护肤美甲定制,http://shop34298976.taobao.com
7508,Ann高端天然护肤用品美发用品,http://shop61203110.taobao.com
7555,雯子美妆护肤,http://shop113876972.taobao.com
7559,亮妆驿站平价美容护肤馆,http://shop34979030.taobao.com
7928,研秀美妆商行,http://shop61070132.taobao.com
8126,依颜容妆阁,http://shop63817933.taobao.com
8191,美丽符号会员店,http://shop34478565.taobao.com
8192,轩家懒女人,http://shop72780143.taobao.com
8311,毕加索斯特,http://shop59055638.taobao.com
8406,美时美刻自信吧,http://shop58020162.taobao.com
8492,噹噹代购屋,http://shop104897702.taobao.com
8494,加油么么2号店,http://shop35393578.taobao.com
8649,章华染护发直销,http://shop71422695.taobao.com
8650,创意美容美发,http://shop35821456.taobao.com
8655,羽西 雅漾 薇姿 理肤泉 佰草集 专柜正品代购,http://shop34355462.taobao.com
8680,CICI 轻奢侈定制,http://shop61883376.taobao.com
8683,娇点女人美容精品馆,http://shop36502084.taobao.com
8924,知心美妆馆,http://shop65233306.taobao.com
8925,月儿公主日系假睫毛 化妆品,http://shop36487998.taobao.com
8926,心语美妆铺,http://shop36808428.taobao.com
8944,花姿坊只为正品,http://shop62700198.taobao.com
9021,魅影名妆馆,http://shop35727111.taobao.com
9024,魅影女王美丽养生堂,http://shop110610569.taobao.com
9043,倩丽肌本cherry918台湾好物,http://shop58623603.taobao.com
9109,那年 Good time,http://shop33989111.taobao.com
9134,健翔美容日化 玉环厂家直销,http://shop36611298.taobao.com
9274,迷之彩专业彩妆店,http://shop112307713.taobao.com
9365,裘大大杂货铺,http://shop143071961.taobao.com
9384,壹滴水护发一店,http://shop59245096.taobao.com
9387,蕾小猪のBeauty小铺,http://shop73418664.taobao.com
9397,格温美护肤小舖,http://shop60393198.taobao.com
9417,诺婷薇空气丝袜美腿喷雾,http://shop100047680.taobao.com
9420,米菟家 青春自然美丽,http://shop116999257.taobao.com
9550,蔻赛主营店铺,http://shop65189970.taobao.com
9615,德宝美妆,http://shop64836630.taobao.com
9743,南方电子-销售/批发各种品牌家电及原厂配件,http://shop71458478.taobao.com
10113,雪颜美妆坊,http://shop119629180.taobao.com
10176,小涵美妆小店,http://shop111943179.taobao.com
10177,小静雅舍,http://shop60771868.taobao.com
10186,素面妆品总店,http://shop35447641.taobao.com
10187,全球名妆代购,http://shop66421289.taobao.com
10219,优雅美妆,http://shop107925214.taobao.com
10231,木木正品之家,http://shop35163750.taobao.com
10416,姬存希护肤美妆小铺,http://shop117057835.taobao.com
10488,七彩家园日用家居馆--七彩家居,http://shop35290918.taobao.com
10489,雪诺点四号铺,http://shop107264399.taobao.com
10491,莎莎正品分销店,http://shop105441677.taobao.com
10578,伊甸园&middot;贸易,http://shop64211183.taobao.com
10610,幸福女人衣妆,http://shop61508579.taobao.com
10752,百胜医疗设备网络店,http://shop60851365.taobao.com
10822,健康养生保健坊,http://shop108756650.taobao.com
10861,熙米果果,http://shop63230876.taobao.com
10873,Slr Soap山里人手工制造,http://shop105076170.taobao.com
10962,晗悦美妆,http://shop66260441.taobao.com
11048,茗凯纯植物染发剂,http://shop60909183.taobao.com
11075,魔后全球购,http://shop112240384.taobao.com
11143,悠雅名妆,http://shop112377703.taobao.com
11199,台湾泡泡染直供店,http://shop104407704.taobao.com
11296,瞬间の小铺,http://shop35847306.taobao.com
11390,可然私房护肤,http://shop35945207.taobao.com
11605,艾琳护肤宝典,http://shop62088647.taobao.com
11739,华敏软管支架工厂店,http://shop67679468.taobao.com
11928,美妆の女神,http://shop58715709.taobao.com
11973,一朵朵港貨鋪,http://shop33530705.taobao.com
12010,南南家的杂货铺,http://shop70277773.taobao.com
12038,晨辉面妆商行,http://shop60102581.taobao.com
12040,美女时尚第一馆,http://shop57285627.taobao.com
12147,123木头人秒杀屋,http://shop34214417.taobao.com
12249,暮牧生活馆,http://shop60751099.taobao.com
12286,启程 生活馆,http://shop36975403.taobao.com
12373,美丽的天使1683,http://shop62720242.taobao.com
12401,温岭市金池电子科技,http://shop67606755.taobao.com
12837,丽洲美妆,http://shop71424928.taobao.com
12855,经典国货 专业批发,http://shop100314476.taobao.com
12975,浙人工坊,http://shop60690013.taobao.com
12983,依颜万年,http://shop100206103.taobao.com
13055,美丽誓颜丹丹2008,http://shop59739806.taobao.com
13061,小鸭子美妆,http://shop110872217.taobao.com
13084,希罗菇凉shop,http://shop150094850.taobao.com
13163,爱唯洁生活家居馆,http://shop35736056.taobao.com
13219,章华生态，染发，护发，焗油,http://shop34880512.taobao.com
13325,思埠  化妆品品牌店,http://shop36307957.taobao.com
13359,中国劲霸 专注个人护理,http://shop68782329.taobao.com
13446,铭氏精剪,http://shop58915666.taobao.com
13480,晚安美妆平价店Good night cosmetics,http://shop61508495.taobao.com
13592,凝胶手套袜套工厂直销店,http://shop71342676.taobao.com
13605,小M家の原创,http://shop65099254.taobao.com
13677,我在   鸣则名馆,http://shop145148364.taobao.com
13691,【宁波商盟】夏雪,http://shop33356465.taobao.com
13701,颜家小馆,http://shop35042902.taobao.com
13716,美丽宣言国际代购中心,http://shop33819397.taobao.com
13732,春色满园化妆品折扣店,http://shop67475447.taobao.com
13733,海八鲜礼券折扣店,http://shop57089014.taobao.com
13748,美乐多家居生活馆,http://shop35788375.taobao.com
14370,粉黛儿日用化妆品,http://shop115037318.taobao.com
14412,绎美宣美肤正品店,http://shop115922234.taobao.com
14413,欧诗漫化妆品店，,http://shop58351219.taobao.com
14429,妍皙化妆品,http://shop35647422.taobao.com
14691,优生活个人护理,http://shop36954164.taobao.com
14699,君悦堂,http://shop114148969.taobao.com
14926,九寨雪儿中医手工护肤品,http://shop61705180.taobao.com
14939,埔栏国货美妆,http://shop73489587.taobao.com
15281,药食同源中药,http://shop57224378.taobao.com
15282,三步猫美妆,http://shop112269635.taobao.com
15419,遇见最美自己 正品专柜,http://shop114692610.taobao.com
15420,纤纤美容美体养身馆,http://shop60985698.taobao.com
15548,康乐美妆小铺,http://shop136167959.taobao.com
15570,花姑娘美妆,http://shop103344237.taobao.com
15574,彩妆美人心,http://shop103952776.taobao.com
15585,民仙直销店,http://shop100582502.taobao.com
15692,阿宝化妆品,http://shop33904936.taobao.com
15716,香港succubi化妆品,http://shop105938691.taobao.com
15722,台州护肤品批发代发,http://shop148258029.taobao.com
15753,小糯米子团,http://shop69649412.taobao.com
15754,韩尚精品轩,http://shop59949124.taobao.com
16092,仙灸堂,http://shop72095940.taobao.com
16165,韩公主美妆,http://shop33632966.taobao.com
16166,九公子旗航店,http://shop58866960.taobao.com
16364,居家女人化妆,http://shop107628328.taobao.com
16365,淘乐乐美妆生活馆,http://shop103201659.taobao.com
16398,娟子美尚优品ME G蜜吉家,http://shop36013812.taobao.com
16883,胶王之王,http://shop59610548.taobao.com
17182,瓷肌定格你的美丽,http://shop108560013.taobao.com
17183,不好用你咬我,http://shop36051005.taobao.com
17281,朵妍日用化妆品店,http://shop60700632.taobao.com
17391,韩妆缘,http://shop34189290.taobao.com
17409,i m g  爱美肌正品美妆,http://shop61751713.taobao.com
17421,泡芙仙仙,http://shop72475048.taobao.com
17423,杜润佳佳美肤店,http://shop114153550.taobao.com
17485,漂亮人生彩妆坊,http://shop61155652.taobao.com
17612,欧美姿面膜批发商,http://shop57253398.taobao.com
17747,美白牙齿专家,http://shop58187703.taobao.com
17767,某某孩子店铺,http://shop72446638.taobao.com
17796,阿菜日本代购,http://shop59814762.taobao.com
17800,上海摩登红人小铺,http://shop108241650.taobao.com
17865,千足秀打底,http://shop59461488.taobao.com
17943,芒果鲸鱼海淘,http://shop150554179.taobao.com
18305,海棠居护肤,http://shop34295205.taobao.com
18466,买买爽的家,http://shop37013260.taobao.com
18520,沐青养生堂,http://shop58953844.taobao.com
18701,尚风生活馆,http://shop35785424.taobao.com
18726,发之8,http://shop58945848.taobao.com
18880,简衣阁－雪,http://shop107444041.taobao.com
18970,果子美颜swallow,http://shop34118172.taobao.com
18980,绝不拿你的脸开玩笑,http://shop57940605.taobao.com
19017,家佳人化妆品,http://shop108933768.taobao.com
19156,AT天使护肤品总店,http://shop65113236.taobao.com
19198,大萌牙日韩游,http://shop33620150.taobao.com
19251,俏佳人专柜化妆品,http://shop61192882.taobao.com
19256,潮妈萌宝宝,http://shop57975488.taobao.com
19333,多多少少美妆批发零售店,http://shop129062226.taobao.com
19402,小风美妆护肤店铺,http://shop63516277.taobao.com
19459,曼倩,http://shop70815979.taobao.com
19589,许愿家,http://shop60279525.taobao.com
19885,希望之光工厂店,http://shop104573380.taobao.com
19923,大小姐de名品屋,http://shop156974728.taobao.com
20269,傻妞儿 化妆品店,http://shop118226398.taobao.com
20301,宠爱我的脸浙江总代,http://shop61314305.taobao.com
20610,西部日用品店,http://shop58446997.taobao.com
20659,王中华 骨健康馆,http://shop72353657.taobao.com
20661,艾灸仪器厂,http://shop104399372.taobao.com
20773,从头再来凌子小店,http://shop162761661.taobao.com
21045,美女郎化妆品店,http://shop33846576.taobao.com
21047,语冰特惠特卖,http://shop107280194.taobao.com
21083,美肌美妆专柜,http://shop59884539.taobao.com
21236,如新抗衰老店,http://shop60752233.taobao.com
21241,实友商贸,http://shop33627011.taobao.com
21242,净颜美肤工坊,http://shop130911554.taobao.com
22001,韵涵小店主,http://shop105721949.taobao.com
22199,燕子潘多拉,http://shop70959445.taobao.com
22200,头皮理疗发医生,http://shop102715516.taobao.com
22264,诗彤化妆品店,http://shop60622626.taobao.com
22294,一次性染发彩妆商城,http://shop58743130.taobao.com
22655,蜜丝小姐假发,http://shop35964356.taobao.com
22727,baby cady嘟嘟,http://shop103969037.taobao.com
22729,Vi vi纯手工diy甜点,http://shop33658848.taobao.com
22919,一 轩 皂 坊,http://shop61139973.taobao.com
23032,翰林小家电,http://shop100930622.taobao.com
23059,芝琪美丽世界幸福一生,http://shop57980463.taobao.com
23330,手艺美甲美睫,http://shop36076335.taobao.com
23360,阿潘达,http://shop116643659.taobao.com
23535,棒女郎6S店,http://shop111399495.taobao.com
23914,周周美妆,http://shop71997221.taobao.com
23935,小鱼麻麻台湾代购店,http://shop33645355.taobao.com
23941,温雅产品网络销售,http://shop60494461.taobao.com
23992,美丽会化妆馆,http://shop63910894.taobao.com
24105,远松峰化妆品店,http://shop120231593.taobao.com
24153,妮妮新妆,http://shop108487904.taobao.com
24159,Miss 姗,http://shop60127649.taobao.com
24163,雪莲姿美化妆品店,http://shop36361093.taobao.com
24200,FFの美妆,http://shop107946013.taobao.com
24340,颜蔻店--颜寇 向/柠檬绿茶心蓝t透0西溪漫步居家家/学习,http://shop36519162.taobao.com
24393,美美化妆品之店,http://shop34664640.taobao.com
24570,漓江水,http://shop65745293.taobao.com
24606,悦馨商铺,http://shop62958987.taobao.com
24612,有韩妆就购了,http://shop118822585.taobao.com
24818,u[754390070],http://shop70254907.taobao.com
25015,萍萍护肤日用品商行,http://shop108018495.taobao.com
25629,哗啦啦化妆品,http://shop103228588.taobao.com
26456,萍萍化妆品店丹芝清丽阳丽颜世家雨竹潭国货精品,http://shop36447242.taobao.com
26601,迈迈家的小屋,http://shop66712174.taobao.com
26649,盼盼小铺0909,http://shop58377299.taobao.com
26905,小马美容美发用品,http://shop68030176.taobao.com
26973,伐杉尼罗香水品牌店,http://shop65774199.taobao.com
27091,美都美妆,http://shop58759319.taobao.com
27500,鑫富（幸福）小家电,http://shop63725420.taobao.com
27612,时尚妆点店铺,http://shop61579422.taobao.com
27623,百灵康之品,http://shop60091684.taobao.com
27628,天津康婷瑞倪维儿品牌店,http://shop73195135.taobao.com
27629,棒棒糖921,http://shop57928459.taobao.com
27828,灵气之屋,http://shop111303212.taobao.com
28038,涵曦正品直售舰旗店,http://shop59230649.taobao.com
28073,温柔玫瑰彩妆,http://shop61035616.taobao.com
28076,植疗美品护肤,http://shop36628016.taobao.com
28397,木木村村长,http://shop150637492.taobao.com
28754,妍曦美肤馆,http://shop117318692.taobao.com
28774,柔曼柔兰 莉莉安总代,http://shop67648856.taobao.com
28923,Alin酱の日常,http://shop100414013.taobao.com
29011,清雪&amp;粉扑,http://shop34910466.taobao.com
29028,Fashion 先森,http://shop115211828.taobao.com
29248,嘿嘿alam化妆品折扣店,http://shop62337971.taobao.com
29314,愛美のの心,http://shop33369211.taobao.com
29369,润贝丝女人香,http://shop65118112.taobao.com
29405,虞美人护肤品折扣店,http://shop73428389.taobao.com
29407,衢州市衢江区老爸食品商行,http://shop64207081.taobao.com
29429,章华美发正品直销,http://shop112575299.taobao.com
29440,盟迪奥直销店,http://shop57205620.taobao.com
29574,DHV高级合伙人敏敏,http://shop70030038.taobao.com
29594,豪曼美丽之家,http://shop58516405.taobao.com
29626,狐臭液药品专家,http://shop103473445.taobao.com
29655,秀芝时尚护肤品,http://shop121195670.taobao.com
29692,正品求索狐克液特卖店,http://shop66018441.taobao.com
29928,黄薇颐,http://shop72090578.taobao.com
29939,d[s63458323],http://shop63458323.taobao.com
30019,靓彩生活馆,http://shop60315063.taobao.com
30544,浪人风琴,http://shop100169699.taobao.com
30588,绵羊mageline护肤,http://shop65906309.taobao.com
30746,玉环鸿洋塑料制品厂,http://shop59676854.taobao.com
31217,诺妈韩妆馆,http://shop63583000.taobao.com
31631,啊潮儿面膜店,http://shop100391658.taobao.com
31672,华伦帮你淘,http://shop67955720.taobao.com
31915,G知心靓衣房G,http://shop100667067.taobao.com
32532,仁信 茂源,http://shop102666661.taobao.com
32720,至尚名品,http://shop36705358.taobao.com
32817,一缕阳光☆生活馆,http://shop61276976.taobao.com
33023,GGshop,http://shop58244234.taobao.com
33032,美惠美容,http://shop34405118.taobao.com
33280,花儿公主家,http://shop33626934.taobao.com
33776,韩国皮肤管理仪器产品批发,http://shop115608651.taobao.com
33950,如此四季经典国货,http://shop63167769.taobao.com
33972,Allen store!,http://shop118488432.taobao.com
34312,呦蓝护肤美妆店,http://shop130009226.taobao.com
34805,小小美容师小铺,http://shop36051503.taobao.com
34889,八号当铺美妆,http://shop35412849.taobao.com
35112,蔻赛护肤达人,http://shop57124010.taobao.com
35516,林慢慢の跨境生活馆,http://shop64507235.taobao.com
35716,萍1987626p,http://shop100667767.taobao.com
35729,秘方茶,http://shop33401942.taobao.com
35813,小竹的小铺,http://shop72819687.taobao.com
35839,健康家园依雅轩,http://shop36061158.taobao.com
35873,小宇爱保养,http://shop61686967.taobao.com
36067,卷毛哥的店,http://shop36948733.taobao.com
36068,IL,http://shop60680799.taobao.com
36136,群舒美容美化,http://shop65716038.taobao.com
36273,萍萍名妆馆,http://shop118825937.taobao.com
37419,悦木集小铺,http://shop109069092.taobao.com
37603,指尖狂想美甲批发店,http://shop72881214.taobao.com
37633,乐乐草本护肤,http://shop152271572.taobao.com
37792,染发护发特卖,http://shop100329854.taobao.com
37906,趣味 直销店,http://shop66219012.taobao.com
37914,pearlosophy真珠美学 P,http://shop101304253.taobao.com
37915,韩国进口真珠美学,http://shop117311779.taobao.com
39551,FULL HOUSE 韩国代购店,http://shop35745164.taobao.com
40239,尼希电器,http://shop136827553.taobao.com
40426,草佰态小店,http://shop144900151.taobao.com
40824,MGSHOW台湾宿美肌药妆,http://shop36992805.taobao.com
41133,德国大管家,http://shop60432633.taobao.com
41526,爱情浪漫屋,http://shop143362776.taobao.com
42206,杨海琴の店,http://shop34554463.taobao.com
42666,小白菜日化铺,http://shop61129350.taobao.com
43174,龙头力学自我健康法,http://shop107823521.taobao.com
43401,四月天美容美发,http://shop33921474.taobao.com
45246,珂慕纳化妆品,http://shop109846302.taobao.com
45583,木沐木沐子,http://shop118297968.taobao.com
45789,雅维丝化妆品,http://shop114373216.taobao.com
46379,一品妆红,http://shop66275306.taobao.com
46471,维C小铺,http://shop125612181.taobao.com
47529,薇迪兰护肤,http://shop113161312.taobao.com
47761,Veanie店铺,http://shop59536539.taobao.com
50279,linmin美妆颜蔻浙江店,http://linmin989898.taobao.com
