1,维凯运动户外专营店,http://shop105760295.taobao.com
2,维凯运动户外专营店,http://wkydhw.tmall.com
3,三门县维凯电子商务有限公司,http://smwecan.1688.com
4,三门县维凯电子商务有限公司,http://shop1352740418574.1688.com
5,三门县维凯电子商务有限公司,http://smwecan88.1688.com
6,三门县维凯电子商务有限公司,http://smwecan8.cn.1688.com
7,三门县维凯电子商务有限公司,http://smwecan8.1688.com
8,欣诺母婴专营店,http://shop108546962.taobao.com
10,浙江汇榕电子商务有限公司,https://shop76k2477638953.1688.com
11,浙江汇榕电子商务有限公司,https://shop76k2477638953.1688.com
14,大创网,http://www.949598.com
16,三门大创电子商务有限公司,http://zjsmdc.1688.com
23,u[3302120786],http://shop185413263.taobao.com/
24,d[s102052413],http://shop102052413.taobao.com/
25,三门璐遥服饰有限公司,https://shop6580fi4524395.1688.com
26,农家良品铺子,http://shop156387323.taobao.com/
29,d[s109220058],http://shop109220058.taobao.com/
30,d[s129203297],http://shop129203297.taobao.com/
31,d[s156867933],http://shop156867933.taobao.com/
32,d[s114625904],http://shop114625904.taobao.com/
35,九妹鞋城,http://shop106577678.taobao.com/
36,d[s103911568],http://shop103911568.taobao.com/
37,诚信皮革护理店,http://shop100805752.taobao.com/
39,圣涵正轩电子商务服务部,http://shop151867775.taobao.com/
40,创派旗舰店,http://shop105993828.taobao.com/
41,爆琦旗舰店,http://shop108543565.taobao.com
44,d[s124920652],http://shop124920652.taobao.com/
47,观颜化妆品旗舰店,http://shop425562968.taobao.com/
49,视觉眼镜公司,http://shop145862434.taobao.com/
53,台州市春归贸易有限公司,http://shop1444410176808.1688.com
55,欧比特旗舰店,http://shop62706914.taobao.com
57,麦萌旗舰店,http://shop108475372.taobao.com
58,临海市姿子贸易有限公司,shop1433263972486.1688.com
59,杰克法拉利旗舰店,http://shop116141119.taobao.com
62,临海市先驰贸易有限公司,https://xianchimaoyi.1688.com
66,临海市奥汀电子商务有限公司,http://shop1382979232162.cn.1688.com
69,台州俊明贸易有限公司,https://shop1481218163242.1688.com
72,临海市祁隆贸易有限公司,http://lh0576.1688.com
75,肯升居家百货生活馆,http://shop152011804.taobao.com/
78,泽邦家居,http://shop155407595.taobao.com/
87,uccstar韩式眼镜,http://shop162711938.taobao.com/
88,大動麦眼镜官方企业店,http://shop171161153.taobao.com/
108,去哪嗨旅行用品一站式购物广场,http://shop334842907.taobao.com/
113,香港CARSA品牌企业店,http://shop166107465.taobao.com/
117,LEE饰品,http://shop224106315.taobao.com/
120,d[s172124367],http://shop172124367.taobao.com/
121,仙居县喜禾禾电子商务有限公司,https://yaopp5217.1688.com
122,仙居县喜禾禾电子商务有限公司,http://shop1388750174236.1688.com
123,仙居县喜禾禾电子商务有限公司,http://www.haogongyi.cn/store/17592
124,唯艺发业,http://shop66709105.taobao.com/
125,火之凤创意美专卖店,http://shop166083757.taobao.com/
126,欧黎创意美专卖店,http://shop201246548.taobao.com/
132,菲姿蔓妮旗舰店,http://shop422380394.taobao.com/
133,魔香东祺专卖店,http://shop220971794.taobao.com/
134,琴叶东祺专卖店,http://shop267489485.taobao.com/
135,闪钻东祺专卖店,http://shop224322860.taobao.com/
136,台州市东祺工贸有限公司,http://tzdqgm.1688.com
137,琴叶童馨纺专卖店,http://shop557929498.taobao.com/
138,法利安花生米专卖店,http://shop120622471.taobao.com
141,台州市韩御电子商务有限公司,http://www.tzhanyu.com
142,d[s113288314],http://shop113288314.taobao.com/
143,典栈旗舰店,http://shop199089233.taobao.com/
144,天台米西尤贸易有限公司,http://alimixiyou.1688.com
151,哥锐达堂堂专卖店,http://shop110450652.taobao.com
154,尚煜百货,http://shop135377591.taobao.com/
156,汐美子旗舰店,http://shop254635092.taobao.com
159,宫薰母婴,http://shop536445268.taobao.com/
165,u[3230385448],http://shop259139258.taobao.com/
170,子粥鑫运动户外专营店,https://mall.jd.com/index-713955.html
173,卓硕箱包旗舰店,https://mall.jd.com/index-590740.html
174,芊荨女包,http://shop.mogujie.com/1hwpa/index?from=search_shop&shopapptag=atscommon
175,阳光美包旗舰店,https://mall.jd.com/index-39469.html
176,d[s111861202],http://shop111861202.taobao.com/
178,d[s104517204],http://shop104517204.taobao.com/
180,d[s151735431],http://shop151735431.taobao.com/
184,泰澄博云澄专卖店,http://shop189598475.taobao.com/
185,泰澄博云澄专卖店,http://taichengbyc.tmall.com
189,馨茹美妆,http://shop156101398.taobao.com/
190,大河母婴专营店,https://www.beibei.com/n/product/shop.html?sid=47795472.beibei.com/n/product/shop.html?sid=47795472
192,磊都母婴专营店,https://mall.jd.com/index-697768.html
196,宸苏母婴专营店,http://shop66146194.taobao.com/
197,两只熊熊宝宝童装,http://shop59992461.taobao.com/
198,宸苏母婴专营店,http://chensumy.tmall.com
203,洛惜家生活馆,http://shop33250987.taobao.com/
204,洛惜家,http://luoxijia.taobao.com
209,金海狐旗舰店,http://shop102245609.taobao.com
210,维普旗舰店,http://shop106190277.taobao.com/
211,cartion卡迩森旗舰店,http://shop105994210.taobao.com
212,极之鲜食品专营店,http://shop103604908.taobao.com
213,爱依瑞格汽车用品旗舰店,http://shop103749074.taobao.com
214,宏悦鞋类专营店,http://shop104188988.taobao.com
215,金伯利服饰专营店,http://shop105859506.taobao.com
219,松建汽车用品专营店,http://shop110483254.taobao.com
220,店铺浏览-淘宝网,http://shop125063049.taobao.com/
221,千千亲汽车用品专营店,http://shop112651992.taobao.com
223,温岭超炫专营店,https://mall.jd.com/index-72378.html
224,锦亿车品专营店,http://shop111687372.taobao.com
227,moxxy旗舰店,http://shop163537804.taobao.com/
228,宛如佳人旗舰店,http://shop430518129.taobao.com/
232,三和购物网,http://57ccd.com
233,小魔狗旗舰店,http://shop114634472.taobao.com/
237,法利安品车坊专卖店,http://shop290370555.taobao.com
238,eef女鞋,http://shop.mogujie.com/1172upnc/index?from=search_shop&shopapptag=atscommon
239,优路客旗舰店,http://shop114085610.taobao.com/
240,逗乐熊童鞋工厂店,http://shop137257353.taobao.com/
244,manwanwalk旗舰店,http://shop114604328.taobao.com
246,活能卡酷专卖店,http://shop165883739.taobao.com/
247,叭叭猫旗舰店,http://shop394758369.taobao.com/
252,汇合母婴专营店,https://mall.jd.com/index-594560.html
256,店铺浏览-淘宝网,http://shop129247290.taobao.com/
257,美彩丽旗舰店,http://shop490093581.taobao.com/
258,含薇旗舰店,http://shop313956134.taobao.com/
260,米思恒旗舰店,http://shop412363604.taobao.com/
261,店铺浏览-淘宝网,http://shop119631304.taobao.com/
264,曼迪蜜莉旗舰店,http://shop100456694.taobao.com
269,瑞人堂大药房旗舰店,http://shop109760622.taobao.com
274,梵尔森美威专卖店,http://shop108643583.taobao.com/
275,kineve旗舰店,http://shop58905110.taobao.com/
276,店铺浏览-淘宝网,http://shop65460289.taobao.com/
277,安姆兔旗舰店,http://shop289097917.taobao.com/
282,蘑菇云母婴旗舰店,http://shop.mogujie.com/1172qmm2/index?from=search_shop&shopapptag=atscommon
283,亲亲童鞋工厂店,http://shop144272118.taobao.com/
287,店铺浏览-淘宝网,http://shop143211086.taobao.com/
289,唯唯原创女鞋,http://shop.mogujie.com/1172uf4m/index?from=search_shop&shopapptag=atscommon
290,店铺浏览-淘宝网,http://shop148366715.taobao.com/
292,义乌市沸仕包装厂,http://shop145512685.taobao.com/
293,帕蔓妮休闲小铺,http://shop.mogujie.com/1172uesw/index?from=search_shop&shopapptag=atscommon
301,千足鞋庄,http://shop109115458.taobao.com/
302,火云鞋神潮流女鞋坊,http://shop163244046.taobao.com/
303,靓麦潮鞋企业店,http://shop162475806.taobao.com/
311,首页-门牙兔童鞋-淘宝网,http://shop163288234.taobao.com/
313,顾小姐高端定制美鞋,http://shop529284150.taobao.com/
315,穿着高跟鞋走不到的路,http://shop195784658.taobao.com/
316,wowo莹莹家,http://shop.mogujie.com/1cxp2m/index?from=search_shop&shopapptag=atscommon
319,卡利鸟旗舰店,http://shop499131813.taobao.com/
320,楷姿旗舰店,http://shop366586511.taobao.com/
333,速八高端女鞋,http://shop476530541.taobao.com/
337,首页-素若-淘宝网,http://shop411239522.taobao.com/
350,森米正品浙江总店,http://shop62584169.taobao.com/
352,可萌baby母婴用品,http://shop157053459.taobao.com/
354,TCL小家电商场,http://shop118262166.taobao.com/
355,tcl时创专卖店,http://shop110481793.taobao.com
356,格兰仕玉环时创专卖店,http://shop111137627.taobao.com/
358,泊泉雅企业直销店,http://shop150316084.taobao.com/
363,圣欧服饰专营店,https://mall.jd.com/index-148441.html
369,凡菓食品,http://shop149514148.taobao.com/
371,共工氏官方企业店,http://shop351447506.taobao.com/
372,悦洗妈咪自营店,http://shop457646486.taobao.com/
375,潮秘书,http://shop.mogujie.com/1o7dcq/index?from=search_shop&shopapptag=atscommon
376,咔啦啦英国海购,http://shop336178771.taobao.com/
380,nevenka尼雯卡旗舰店,http://shop108850273.taobao.com/
382,台州市家门口电子商务有限公司,http://www.jmkdds.com/
386,欧慕莎鞋类专营店,http://shop110038791.taobao.com
388,台州欧慕莎电子商务有限公司,http://omsxl.tmall.com
391,宝贝豆童鞋官方店,http://shop124777390.taobao.com/
397,雅琪汽车用品专营店,http://shop155664066.taobao.com/
402,希希林保健品专营店,http://shop155275896.taobao.com/
404,女鞋时尚潮流网店,http://shop106449554.taobao.com/
405,秋语花卉旗舰店,http://shop540123536.taobao.com/
406,台州艾蕊丝电子商务有限公司,http://shop160000360.taobao.com
410,绿叶品质生活馆,http://shop200125020.taobao.com/
418,fashsee旗舰店,http://shop103211293.taobao.com/
422,克曼丝官方旗舰店,https://mall.jd.com/index-160775.html
423,步言步语官方店,http://shop108878703.taobao.com/
424,克曼丝旗舰店,http://shop166194376.taobao.com/
428,colodanty旗舰店,http://shop111845624.taobao.com/
430,宅集购家居专营店,https://mall.jd.com/index-95766.html
431,枚集旗舰店,http://shop389486408.taobao.com/
432,史努比宅集购专卖店,http://shop495543746.taobao.com/
433,枚集家居旗舰店,http://shop462064841.taobao.com/
434,宅集购家居专营店,http://shop113496662.taobao.com
435,密斯家Mieshome原创家居,http://shop121310438.taobao.com/
437,润优母婴专营店,http://shop113618409.taobao.com/
439,台州润优母婴专营店,http://shop116124556.taobao.com
440,纱绫祥腾专卖店,http://shop113926747.taobao.com/
446,加西亚服饰旗舰店,http://shop112339350.taobao.com
453,LEC品牌直销店,http://shop152682608.taobao.com/
456,消失的光年家,http://shop149971092.taobao.com/
459,恋恋的青葱鞋柜,http://shop271972075.taobao.com/
463,娇丰时尚韩版女鞋,http://shop416750264.taobao.com/
467,蜜鱼miyu,http://shop427912729.taobao.com/
468,熊猫跳跳母婴店,http://shop155281468.taobao.com/
469,d[s162873578],http://shop162873578.taobao.com/
470,沐橙童鞋有限公司,http://shop162622636.taobao.com/
479,慕宝汽车用品专营店,http://shop229343797.taobao.com/
481,彩阔童鞋专营店,https://mall.jd.com/index-674177.html
482,d[s553827614],http://shop553827614.taobao.com/
483,连心娃玩具旗舰店,http://shop112294185.taobao.com/
489,常青树爸爸装企业店,http://shop171371390.taobao.com/
496,泰国天然乳胶寝具品牌店,http://shop140681000.taobao.com/
497,哈皮小猪企业店,http://shop165940414.taobao.com/
1,观颜化妆品旗舰店,https://guanyanhzp.tmall.com/shop/view_shop.htm
4,婵姿美甲店,http://shop262886800.taobao.com/
7,Domybear多米小熊旗舰店,http://shop141655017.taobao.com
8,胖胖婴儿用品店,http://shop64262564.taobao.com
13,优优小卡美甲店,http://shop305296614.taobao.com/
19,唯艺发业,http://shop66709105.taobao.com/
20,火之凤创意美专卖店,http://shop166083757.taobao.com/
21,欧黎创意美专卖店,http://shop201246548.taobao.com/
24,瑞人堂大药房旗舰店,http://rrtdyf.tmall.com
26,博鲨化妆品专营店,http://bshzp.tmall.com
42,付爱宝旗舰店,https://fuaibao.jd.com/
